image,描述种类,text,,,,,,,,,,,,,,,,,,,,,,,,,,,,,,,,,,,,,,,,,,,
109,整体,"Some grass, a guy in a blue shirt walking his dog, and water",,,,,,,,,,,,,,,,,,,,,,,,,,,,,,,,,,,,,,,,,,,
109,非显著,A man in a blue shirt is walking his dog,,,,,,,,,,,,,,,,,,,,,,,,,,,,,,,,,,,,,,,,,,,
109,显著,A skate park next to a body of water and green park.,,,,,,,,,,,,,,,,,,,,,,,,,,,,,,,,,,,,,,,,,,,
1232,整体,"A man hangs from a ladder on a small plane, below a motorcycle.",,,,,,,,,,,,,,,,,,,,,,,,,,,,,,,,,,,,,,,,,,,
1232,非显著,A stuntman hanging from a ladder,,,,,,,,,,,,,,,,,,,,,,,,,,,,,,,,,,,,,,,,,,,
1232,显著,A plane flying over a motorcycle.,,,,,,,,,,,,,,,,,,,,,,,,,,,,,,,,,,,,,,,,,,,
1306,整体,"A room with a TV, a table, a bar and floor-to-ceiling Windows",,,,,,,,,,,,,,,,,,,,,,,,,,,,,,,,,,,,,,,,,,,
1306,非显著,A television was mounted on the kitchen wall.,,,,,,,,,,,,,,,,,,,,,,,,,,,,,,,,,,,,,,,,,,,
1306,显著,"A table with chairs, a counter with stools and a big window",,,,,,,,,,,,,,,,,,,,,,,,,,,,,,,,,,,,,,,,,,,
1554,整体,Three sheep in the pasture and the man standing by the fence.,,,,,,,,,,,,,,,,,,,,,,,,,,,,,,,,,,,,,,,,,,,
1554,非显著,People stood outside the railings,,,,,,,,,,,,,,,,,,,,,,,,,,,,,,,,,,,,,,,,,,,
1554,显著,"Three shearers stood on the grass, facing different directions.",,,,,,,,,,,,,,,,,,,,,,,,,,,,,,,,,,,,,,,,,,,
1888,整体,"Three shearers stood on the grass, facing different directions.",,,,,,,,,,,,,,,,,,,,,,,,,,,,,,,,,,,,,,,,,,,
1888,非显著,There are some apple slices and leaves on the cutting board,,,,,,,,,,,,,,,,,,,,,,,,,,,,,,,,,,,,,,,,,,,
1888,显著,A man was sprinkling pepper on a piece of meat.,,,,,,,,,,,,,,,,,,,,,,,,,,,,,,,,,,,,,,,,,,,
2614,整体,Two men were playing in the mud while the others stood behind.,,,,,,,,,,,,,,,,,,,,,,,,,,,,,,,,,,,,,,,,,,,
2614,非显著,The man in green is standing on the bank,,,,,,,,,,,,,,,,,,,,,,,,,,,,,,,,,,,,,,,,,,,
2614,显著,Two men were playing Frisbee by the water.,,,,,,,,,,,,,,,,,,,,,,,,,,,,,,,,,,,,,,,,,,,
2754,整体,The woman in blue was driving and the dog in the back was sitting with his head out of the window,,,,,,,,,,,,,,,,,,,,,,,,,,,,,,,,,,,,,,,,,,,
2754,非显著,The woman in blue is driving,,,,,,,,,,,,,,,,,,,,,,,,,,,,,,,,,,,,,,,,,,,
2754,显著,A dog sticks his head out of the window,,,,,,,,,,,,,,,,,,,,,,,,,,,,,,,,,,,,,,,,,,,
2822,整体,"Above a stop sign, the sky was cloudy.",,,,,,,,,,,,,,,,,,,,,,,,,,,,,,,,,,,,,,,,,,,
2822,非显著,A stop sign near the highway,,,,,,,,,,,,,,,,,,,,,,,,,,,,,,,,,,,,,,,,,,,
2822,显著,Dark clouds spread across the sky,,,,,,,,,,,,,,,,,,,,,,,,,,,,,,,,,,,,,,,,,,,
3220,整体,Mascots and special guests threw baseballs into the crowd,,,,,,,,,,,,,,,,,,,,,,,,,,,,,,,,,,,,,,,,,,,
3220,非显著,The mascot of the baseball field,,,,,,,,,,,,,,,,,,,,,,,,,,,,,,,,,,,,,,,,,,,
3220,显著,The players are throwing the ball,,,,,,,,,,,,,,,,,,,,,,,,,,,,,,,,,,,,,,,,,,,
3378,整体,A man is riding a skateboard while a little boy watches,,,,,,,,,,,,,,,,,,,,,,,,,,,,,,,,,,,,,,,,,,,
3378,非显著,A little boy on the right is blowing bubbles,,,,,,,,,,,,,,,,,,,,,,,,,,,,,,,,,,,,,,,,,,,
3378,显著,A man is skateboarding in the air.,,,,,,,,,,,,,,,,,,,,,,,,,,,,,,,,,,,,,,,,,,,
3493,整体,The busy streets were crowded with cars and signs hung on buildings.,,,,,,,,,,,,,,,,,,,,,,,,,,,,,,,,,,,,,,,,,,,
3493,非显著,There was a constant stream of traffic on the street.,,,,,,,,,,,,,,,,,,,,,,,,,,,,,,,,,,,,,,,,,,,
3493,显著,A pile of signs written in non-English lines the street,,,,,,,,,,,,,,,,,,,,,,,,,,,,,,,,,,,,,,,,,,,
3579,整体,A woman stands at a table covered with desserts.,,,,,,,,,,,,,,,,,,,,,,,,,,,,,,,,,,,,,,,,,,,
3579,非显著,Female employees in gray dress are working in black aprons,,,,,,,,,,,,,,,,,,,,,,,,,,,,,,,,,,,,,,,,,,,
3579,显著,The table was full of desserts,,,,,,,,,,,,,,,,,,,,,,,,,,,,,,,,,,,,,,,,,,,
3590,整体,People were walking outside under umbrellas in the rain when a man poked his head out of the doorway.,,,,,,,,,,,,,,,,,,,,,,,,,,,,,,,,,,,,,,,,,,,
3590,非显著,A man peeked out the window in the light rain,,,,,,,,,,,,,,,,,,,,,,,,,,,,,,,,,,,,,,,,,,,
3590,显著,People are walking under umbrellas in the rain,,,,,,,,,,,,,,,,,,,,,,,,,,,,,,,,,,,,,,,,,,,
3685,整体,A room full of bookshelves and a few computers.,,,,,,,,,,,,,,,,,,,,,,,,,,,,,,,,,,,,,,,,,,,
3685,非显著,A cluttered room full of bookshelves.,,,,,,,,,,,,,,,,,,,,,,,,,,,,,,,,,,,,,,,,,,,
3685,显著,A desk with two monitors and a keyboard,,,,,,,,,,,,,,,,,,,,,,,,,,,,,,,,,,,,,,,,,,,
3899,整体,There were picture frames in the kitchen and plastic bags on the table,,,,,,,,,,,,,,,,,,,,,,,,,,,,,,,,,,,,,,,,,,,
3899,非显著,There are many plastic bags on the kitchen table,,,,,,,,,,,,,,,,,,,,,,,,,,,,,,,,,,,,,,,,,,,
3899,显著,There were framed pictures on the kitchen wall,,,,,,,,,,,,,,,,,,,,,,,,,,,,,,,,,,,,,,,,,,,
4286,整体,The giraffe was in the bushes and there was a man with his hands in the air.,,,,,,,,,,,,,,,,,,,,,,,,,,,,,,,,,,,,,,,,,,,
4286,非显著,The man walked forward with his right hand raised,,,,,,,,,,,,,,,,,,,,,,,,,,,,,,,,,,,,,,,,,,,
4286,显著,A giraffe standing in the grass.,,,,,,,,,,,,,,,,,,,,,,,,,,,,,,,,,,,,,,,,,,,
4331,整体,A city bus waits for passengers to load their bikes.,,,,,,,,,,,,,,,,,,,,,,,,,,,,,,,,,,,,,,,,,,,
4331,非显著,A woman held up a bicycle,,,,,,,,,,,,,,,,,,,,,,,,,,,,,,,,,,,,,,,,,,,
4331,显著,A bus stopped at the side of the road,,,,,,,,,,,,,,,,,,,,,,,,,,,,,,,,,,,,,,,,,,,
4527,整体,"When the runner touches the base, the ball carrier stretches to catch the ball.",,,,,,,,,,,,,,,,,,,,,,,,,,,,,,,,,,,,,,,,,,,
4527,非显著,The runner was running across the base,,,,,,,,,,,,,,,,,,,,,,,,,,,,,,,,,,,,,,,,,,,
4527,显著,A man in a catcher's glove was standing on a baseball field.,,,,,,,,,,,,,,,,,,,,,,,,,,,,,,,,,,,,,,,,,,,
4678,整体,A man and his dog were walking down the street in front of a tall building.,,,,,,,,,,,,,,,,,,,,,,,,,,,,,,,,,,,,,,,,,,,
4678,非显著,A man was walking his dog by a park bench,,,,,,,,,,,,,,,,,,,,,,,,,,,,,,,,,,,,,,,,,,,
4678,显著,A tall building shaped like a castle,,,,,,,,,,,,,,,,,,,,,,,,,,,,,,,,,,,,,,,,,,,
5124,整体,Two people are kicking a ball around with two spectators,,,,,,,,,,,,,,,,,,,,,,,,,,,,,,,,,,,,,,,,,,,
5124,非显著,There were two men watching the game near the goal,,,,,,,,,,,,,,,,,,,,,,,,,,,,,,,,,,,,,,,,,,,
5124,显著,A football player who tries to score.,,,,,,,,,,,,,,,,,,,,,,,,,,,,,,,,,,,,,,,,,,,
5620,整体,The busy intersection was crowded with people and cars,,,,,,,,,,,,,,,,,,,,,,,,,,,,,,,,,,,,,,,,,,,
5620,非显著,Pedestrians are walking in the street.,,,,,,,,,,,,,,,,,,,,,,,,,,,,,,,,,,,,,,,,,,,
5620,显著,A red bus was driving down the street beside a crowd of people.,,,,,,,,,,,,,,,,,,,,,,,,,,,,,,,,,,,,,,,,,,,
6226,整体,A train runs on a track near a forest and a traffic sign.,,,,,,,,,,,,,,,,,,,,,,,,,,,,,,,,,,,,,,,,,,,
6226,非显著,There are many traffic signs on the left side of the picture,,,,,,,,,,,,,,,,,,,,,,,,,,,,,,,,,,,,,,,,,,,
6226,显著,A train coming into the station on a cloudy day,,,,,,,,,,,,,,,,,,,,,,,,,,,,,,,,,,,,,,,,,,,
7159,整体,Some people were skiing and three people were taking pictures,,,,,,,,,,,,,,,,,,,,,,,,,,,,,,,,,,,,,,,,,,,
7159,非显著,There were three photographers on the ramp,,,,,,,,,,,,,,,,,,,,,,,,,,,,,,,,,,,,,,,,,,,
7159,显著,Two skiers watch another skier coming down the hill.,,,,,,,,,,,,,,,,,,,,,,,,,,,,,,,,,,,,,,,,,,,
7621,整体,Three cows and three men stood on the sand in front of them,,,,,,,,,,,,,,,,,,,,,,,,,,,,,,,,,,,,,,,,,,,
7621,非显著,Three people are on the beach,,,,,,,,,,,,,,,,,,,,,,,,,,,,,,,,,,,,,,,,,,,
7621,显著,The cow is sitting on the beach.,,,,,,,,,,,,,,,,,,,,,,,,,,,,,,,,,,,,,,,,,,,
8119,整体,People watch from the grass behind the third base line during a baseball game as a batter tries to field a bunt.,,,,,,,,,,,,,,,,,,,,,,,,,,,,,,,,,,,,,,,,,,,
8119,非显著,The crowd was on the grass behind the third base line,,,,,,,,,,,,,,,,,,,,,,,,,,,,,,,,,,,,,,,,,,,
8119,显著,A group of young men playing baseball.,,,,,,,,,,,,,,,,,,,,,,,,,,,,,,,,,,,,,,,,,,,
9275,整体,There was wine next to a large blue cooler.,,,,,,,,,,,,,,,,,,,,,,,,,,,,,,,,,,,,,,,,,,,
9275,非显著,There are wine and glasses on the table,,,,,,,,,,,,,,,,,,,,,,,,,,,,,,,,,,,,,,,,,,,
9275,显著,There is a big blue cooler on the right,,,,,,,,,,,,,,,,,,,,,,,,,,,,,,,,,,,,,,,,,,,
9409,整体,The train was moving just past a flag,,,,,,,,,,,,,,,,,,,,,,,,,,,,,,,,,,,,,,,,,,,
9409,非显著,On the right is a flag that has been raised,,,,,,,,,,,,,,,,,,,,,,,,,,,,,,,,,,,,,,,,,,,
9409,显著,A train running on a long track,,,,,,,,,,,,,,,,,,,,,,,,,,,,,,,,,,,,,,,,,,,
9446,整体,A man was sitting on a bench with a cyclist in front of him,,,,,,,,,,,,,,,,,,,,,,,,,,,,,,,,,,,,,,,,,,,
9446,非显著,The cyclist on the right is pulling out of the frame,,,,,,,,,,,,,,,,,,,,,,,,,,,,,,,,,,,,,,,,,,,
9446,显著,There was a man sitting on a bench on the beach boardwalk.,,,,,,,,,,,,,,,,,,,,,,,,,,,,,,,,,,,,,,,,,,,
9800,整体,"There are a lot of people in the room, some are talking, some are playing games.",,,,,,,,,,,,,,,,,,,,,,,,,,,,,,,,,,,,,,,,,,,
9800,非显著,A group of people are discussing in the corner of the picture,,,,,,,,,,,,,,,,,,,,,,,,,,,,,,,,,,,,,,,,,,,
9800,显著,A man holds a Nintendo Wii game controller.,,,,,,,,,,,,,,,,,,,,,,,,,,,,,,,,,,,,,,,,,,,
9833,整体,A huge clock tower with a few pedestrians below,,,,,,,,,,,,,,,,,,,,,,,,,,,,,,,,,,,,,,,,,,,
9833,非显著,"People walk on the road, looking down",,,,,,,,,,,,,,,,,,,,,,,,,,,,,,,,,,,,,,,,,,,
9833,显著,A huge clock tower,,,,,,,,,,,,,,,,,,,,,,,,,,,,,,,,,,,,,,,,,,,
9941,整体,A man was pushing a stroller with a street sign in front of him,,,,,,,,,,,,,,,,,,,,,,,,,,,,,,,,,,,,,,,,,,,
9941,非显著,There is a blue sign by the side of the road,,,,,,,,,,,,,,,,,,,,,,,,,,,,,,,,,,,,,,,,,,,
9941,显著,A man on a skateboard pushing a stroller.,,,,,,,,,,,,,,,,,,,,,,,,,,,,,,,,,,,,,,,,,,,
9999,整体,The man on the skateboard immediately reached the trash can,,,,,,,,,,,,,,,,,,,,,,,,,,,,,,,,,,,,,,,,,,,
9999,非显著,There is a black trash can by the side of the road,,,,,,,,,,,,,,,,,,,,,,,,,,,,,,,,,,,,,,,,,,,
9999,显著,A man rides down the road on a skateboard,,,,,,,,,,,,,,,,,,,,,,,,,,,,,,,,,,,,,,,,,,,
10037,整体,There are doughnuts and oranges on the table,,,,,,,,,,,,,,,,,,,,,,,,,,,,,,,,,,,,,,,,,,,
10037,非显著,There are some oranges in the bowl,,,,,,,,,,,,,,,,,,,,,,,,,,,,,,,,,,,,,,,,,,,
10037,显著,A close-up of a plate of doughnuts,,,,,,,,,,,,,,,,,,,,,,,,,,,,,,,,,,,,,,,,,,,
10058,整体,There's a fire truck by the Golden Gate Bridge.,,,,,,,,,,,,,,,,,,,,,,,,,,,,,,,,,,,,,,,,,,,
10058,非显著,In the distance is the Golden Gate Bridge.,,,,,,,,,,,,,,,,,,,,,,,,,,,,,,,,,,,,,,,,,,,
10058,显著,A fire engine is running,,,,,,,,,,,,,,,,,,,,,,,,,,,,,,,,,,,,,,,,,,,
10192,整体,A woman smokes with a plate of bread in front of her,,,,,,,,,,,,,,,,,,,,,,,,,,,,,,,,,,,,,,,,,,,
10192,非显著,There is a plate of bread on the table,,,,,,,,,,,,,,,,,,,,,,,,,,,,,,,,,,,,,,,,,,,
10192,显著,A woman smoking at a table.,,,,,,,,,,,,,,,,,,,,,,,,,,,,,,,,,,,,,,,,,,,
10211,整体,There are zebras and giraffes in the zoo,,,,,,,,,,,,,,,,,,,,,,,,,,,,,,,,,,,,,,,,,,,
10211,非显著,There were three zebras in the distance,,,,,,,,,,,,,,,,,,,,,,,,,,,,,,,,,,,,,,,,,,,
10211,显著,Three giraffes are standing on the grass.,,,,,,,,,,,,,,,,,,,,,,,,,,,,,,,,,,,,,,,,,,,
10275,整体,Two men looked out of the window at two others carrying umbrellas.,,,,,,,,,,,,,,,,,,,,,,,,,,,,,,,,,,,,,,,,,,,
10275,非显著,The umbrella bearer is walking in the rain,,,,,,,,,,,,,,,,,,,,,,,,,,,,,,,,,,,,,,,,,,,
10275,显著,A man looking out from a train.,,,,,,,,,,,,,,,,,,,,,,,,,,,,,,,,,,,,,,,,,,,
10318,整体,The bus is turning and there are many cars beside it,,,,,,,,,,,,,,,,,,,,,,,,,,,,,,,,,,,,,,,,,,,
10318,非显著,There are many cars in the parking space by the water,,,,,,,,,,,,,,,,,,,,,,,,,,,,,,,,,,,,,,,,,,,
10318,显著,A double-decker bus is turning the corner,,,,,,,,,,,,,,,,,,,,,,,,,,,,,,,,,,,,,,,,,,,
10545,整体,Several buses were parked on the street near the Starbucks.,,,,,,,,,,,,,,,,,,,,,,,,,,,,,,,,,,,,,,,,,,,
10545,非显著,There are a lot of people in front of Starbucks,,,,,,,,,,,,,,,,,,,,,,,,,,,,,,,,,,,,,,,,,,,
10545,显著,A large bus that runs on city streets,,,,,,,,,,,,,,,,,,,,,,,,,,,,,,,,,,,,,,,,,,,
10613,整体,"A woman was holding a doughnut, and behind her was a man with a camera",,,,,,,,,,,,,,,,,,,,,,,,,,,,,,,,,,,,,,,,,,,
10613,非显著,A man with a camera,,,,,,,,,,,,,,,,,,,,,,,,,,,,,,,,,,,,,,,,,,,
10613,显著,A woman took a doughnut out of a box and investigated it carefully,,,,,,,,,,,,,,,,,,,,,,,,,,,,,,,,,,,,,,,,,,,
10639,整体,The children were playing league baseball and the parents were watching from the benches.,,,,,,,,,,,,,,,,,,,,,,,,,,,,,,,,,,,,,,,,,,,
10639,非显著,Parents sat on benches outside the wire,,,,,,,,,,,,,,,,,,,,,,,,,,,,,,,,,,,,,,,,,,,
10639,显著,There was a baseball game going on in the playground,,,,,,,,,,,,,,,,,,,,,,,,,,,,,,,,,,,,,,,,,,,
10689,整体,"There is a boat in the water, and near it is a big castle, a bell tower and a bridge.",,,,,,,,,,,,,,,,,,,,,,,,,,,,,,,,,,,,,,,,,,,
10689,非显著,A boat was sailing on the water.,,,,,,,,,,,,,,,,,,,,,,,,,,,,,,,,,,,,,,,,,,,
10689,显著,"There are scenic shots of castles, bell towers and Bridges",,,,,,,,,,,,,,,,,,,,,,,,,,,,,,,,,,,,,,,,,,,
10701,整体,The bowler was about to bowl and there were a lot of spectators,,,,,,,,,,,,,,,,,,,,,,,,,,,,,,,,,,,,,,,,,,,
10701,非显著,Spectators in green cars,,,,,,,,,,,,,,,,,,,,,,,,,,,,,,,,,,,,,,,,,,,
10701,显著,A baseball pitcher throwing a ball.,,,,,,,,,,,,,,,,,,,,,,,,,,,,,,,,,,,,,,,,,,,
11004,整体,A truck parked outside the building had a man in it fixing letters on the building.,,,,,,,,,,,,,,,,,,,,,,,,,,,,,,,,,,,,,,,,,,,
11004,非显著,A man fixed letters to a building,,,,,,,,,,,,,,,,,,,,,,,,,,,,,,,,,,,,,,,,,,,
11004,显著,One stuck on the side of the road,,,,,,,,,,,,,,,,,,,,,,,,,,,,,,,,,,,,,,,,,,,
11034,整体,Two people are playing a game in the living room with a fish tank behind them,,,,,,,,,,,,,,,,,,,,,,,,,,,,,,,,,,,,,,,,,,,
11034,非显著,The water in the aquarium was dyed green by the light,,,,,,,,,,,,,,,,,,,,,,,,,,,,,,,,,,,,,,,,,,,
11034,显著,A father and son are playing Wii in the living room.,,,,,,,,,,,,,,,,,,,,,,,,,,,,,,,,,,,,,,,,,,,
11065,整体,"A woman was standing next to a horse, and a man was touching its hooves.",,,,,,,,,,,,,,,,,,,,,,,,,,,,,,,,,,,,,,,,,,,
11065,非显著,A man reaching for a horse's hooves.,,,,,,,,,,,,,,,,,,,,,,,,,,,,,,,,,,,,,,,,,,,
11065,显著,There is a horse on the lawn,,,,,,,,,,,,,,,,,,,,,,,,,,,,,,,,,,,,,,,,,,,
11209,整体,Two people sit on a couch with a laptop in front of them,,,,,,,,,,,,,,,,,,,,,,,,,,,,,,,,,,,,,,,,,,,
11209,非显著,There is a laptop on the desk,,,,,,,,,,,,,,,,,,,,,,,,,,,,,,,,,,,,,,,,,,,
11209,显著,A man and a woman are sitting on the sofa.,,,,,,,,,,,,,,,,,,,,,,,,,,,,,,,,,,,,,,,,,,,
11264,整体,Two men were sitting on a bench in front of the bell tower,,,,,,,,,,,,,,,,,,,,,,,,,,,,,,,,,,,,,,,,,,,
11264,非显著,A man and a woman are sitting on a bench,,,,,,,,,,,,,,,,,,,,,,,,,,,,,,,,,,,,,,,,,,,
11264,显著,A tall clock tower with three Windows,,,,,,,,,,,,,,,,,,,,,,,,,,,,,,,,,,,,,,,,,,,
11326,整体,A green coach was picking up passengers at the water's edge.,,,,,,,,,,,,,,,,,,,,,,,,,,,,,,,,,,,,,,,,,,,
11326,非显著,People are sitting on benches to the right,,,,,,,,,,,,,,,,,,,,,,,,,,,,,,,,,,,,,,,,,,,
11326,显著,A green bus parked in the street.,,,,,,,,,,,,,,,,,,,,,,,,,,,,,,,,,,,,,,,,,,,
11340,整体,An elephant was walking beside a man,,,,,,,,,,,,,,,,,,,,,,,,,,,,,,,,,,,,,,,,,,,
11340,非显著,There was a man riding a bicycle on the road,,,,,,,,,,,,,,,,,,,,,,,,,,,,,,,,,,,,,,,,,,,
11340,显著,The figure of an elephant with decorated tusks and legs,,,,,,,,,,,,,,,,,,,,,,,,,,,,,,,,,,,,,,,,,,,
11402,整体,The red bus is driving on the road beside a green field,,,,,,,,,,,,,,,,,,,,,,,,,,,,,,,,,,,,,,,,,,,
11402,非显著,A red tour bus plowed through the traffic through the city streets,,,,,,,,,,,,,,,,,,,,,,,,,,,,,,,,,,,,,,,,,,,
11402,显著,The city center is a lush green field.,,,,,,,,,,,,,,,,,,,,,,,,,,,,,,,,,,,,,,,,,,,
11494,整体,There was a double-decker bus on the road with a man in a yellow helmet in front of it,,,,,,,,,,,,,,,,,,,,,,,,,,,,,,,,,,,,,,,,,,,
11494,非显著,There's a guy on the road wearing a yellow helmet and a fluorescent green suit,,,,,,,,,,,,,,,,,,,,,,,,,,,,,,,,,,,,,,,,,,,
11494,显著,A double-decker bus was packed with people taking part in the march.,,,,,,,,,,,,,,,,,,,,,,,,,,,,,,,,,,,,,,,,,,,
11569,整体,A pink bus was parked on the side of the road and the red bus was going in a different direction,,,,,,,,,,,,,,,,,,,,,,,,,,,,,,,,,,,,,,,,,,,
11569,非显著,A red bus drove off into the distance.,,,,,,,,,,,,,,,,,,,,,,,,,,,,,,,,,,,,,,,,,,,
11569,显著,A pink bus stopped at the side of the road,,,,,,,,,,,,,,,,,,,,,,,,,,,,,,,,,,,,,,,,,,,
11826,整体,The baseball players were playing in front of many spectators,,,,,,,,,,,,,,,,,,,,,,,,,,,,,,,,,,,,,,,,,,,
11826,非显著,The audience stood under the eaves,,,,,,,,,,,,,,,,,,,,,,,,,,,,,,,,,,,,,,,,,,,
11826,显著,A baseball player who swings a bat in a baseball game.,,,,,,,,,,,,,,,,,,,,,,,,,,,,,,,,,,,,,,,,,,,
12240,整体,The cyclist looked up at the elephant,,,,,,,,,,,,,,,,,,,,,,,,,,,,,,,,,,,,,,,,,,,
12240,非显著,Two men on bicycles,,,,,,,,,,,,,,,,,,,,,,,,,,,,,,,,,,,,,,,,,,,
12240,显著,An elephant carrying a man was walking down the street,,,,,,,,,,,,,,,,,,,,,,,,,,,,,,,,,,,,,,,,,,,
12283,整体,Citizens strolled on the sidewalk as a horse crossed the street.,,,,,,,,,,,,,,,,,,,,,,,,,,,,,,,,,,,,,,,,,,,
12283,非显著,A horse is crossing the road.,,,,,,,,,,,,,,,,,,,,,,,,,,,,,,,,,,,,,,,,,,,
12283,显著,A group of people are walking in the street,,,,,,,,,,,,,,,,,,,,,,,,,,,,,,,,,,,,,,,,,,,
12398,整体,A room with lots of monitors and a man working in it,,,,,,,,,,,,,,,,,,,,,,,,,,,,,,,,,,,,,,,,,,,
12398,非显著,There was a woman at work with headphones on,,,,,,,,,,,,,,,,,,,,,,,,,,,,,,,,,,,,,,,,,,,
12398,显著,There are two monitors on the desk.,,,,,,,,,,,,,,,,,,,,,,,,,,,,,,,,,,,,,,,,,,,
12421,整体,Two red trains were running on one track and a yellow train on the other.,,,,,,,,,,,,,,,,,,,,,,,,,,,,,,,,,,,,,,,,,,,
12421,非显著,A yellow train runs along a track.,,,,,,,,,,,,,,,,,,,,,,,,,,,,,,,,,,,,,,,,,,,
12421,显著,Two red trains are running on the track,,,,,,,,,,,,,,,,,,,,,,,,,,,,,,,,,,,,,,,,,,,
12673,整体,One cat was lying on the bed and the other was lying on the clothes in the luggage.,,,,,,,,,,,,,,,,,,,,,,,,,,,,,,,,,,,,,,,,,,,
12673,非显著,A black cat lay on a suitcase full of clothes,,,,,,,,,,,,,,,,,,,,,,,,,,,,,,,,,,,,,,,,,,,
12673,显著,A cat is lying on the bed.,,,,,,,,,,,,,,,,,,,,,,,,,,,,,,,,,,,,,,,,,,,
12706,整体,There are some black and white umbrellas on the ground in front of the Eiffel Tower,,,,,,,,,,,,,,,,,,,,,,,,,,,,,,,,,,,,,,,,,,,
12706,非显著,There are some black and white umbrellas on the ground,,,,,,,,,,,,,,,,,,,,,,,,,,,,,,,,,,,,,,,,,,,
12706,显著,The Eiffel Tower shows off all its grandeur.,,,,,,,,,,,,,,,,,,,,,,,,,,,,,,,,,,,,,,,,,,,
12711,整体,A view of the bathroom with some potted plants.,,,,,,,,,,,,,,,,,,,,,,,,,,,,,,,,,,,,,,,,,,,
12711,非显著,There are two potted plants on the ground,,,,,,,,,,,,,,,,,,,,,,,,,,,,,,,,,,,,,,,,,,,
12711,显著,"A bathroom scene with sink, toilet and shower.",,,,,,,,,,,,,,,,,,,,,,,,,,,,,,,,,,,,,,,,,,,
12805,整体,A man was standing in front of an open refrigerator with a bird on it.,,,,,,,,,,,,,,,,,,,,,,,,,,,,,,,,,,,,,,,,,,,
12805,非显著,A bird is standing on the refrigerator door,,,,,,,,,,,,,,,,,,,,,,,,,,,,,,,,,,,,,,,,,,,
12805,显著,A man was standing in front of an open refrigerator.,,,,,,,,,,,,,,,,,,,,,,,,,,,,,,,,,,,,,,,,,,,
12887,整体,"A room with a sofa, a table and a potted plant",,,,,,,,,,,,,,,,,,,,,,,,,,,,,,,,,,,,,,,,,,,
12887,非显著,There are two potted plants next to the sofa in the living room,,,,,,,,,,,,,,,,,,,,,,,,,,,,,,,,,,,,,,,,,,,
12887,显著,A grand black piano sits in the elegant living room,,,,,,,,,,,,,,,,,,,,,,,,,,,,,,,,,,,,,,,,,,,
12947,整体,One man climbed onto the train while the other watched him,,,,,,,,,,,,,,,,,,,,,,,,,,,,,,,,,,,,,,,,,,,
12947,非显著,The man in stripes was leaning out of the train,,,,,,,,,,,,,,,,,,,,,,,,,,,,,,,,,,,,,,,,,,,
12947,显著,The man in blue is getting on the train,,,,,,,,,,,,,,,,,,,,,,,,,,,,,,,,,,,,,,,,,,,
12993,整体,A bus drove past a puddle with a man in a poncho riding a bicycle.,,,,,,,,,,,,,,,,,,,,,,,,,,,,,,,,,,,,,,,,,,,
12993,非显著,A man in a raincoat on a bicycle.,,,,,,,,,,,,,,,,,,,,,,,,,,,,,,,,,,,,,,,,,,,
12993,显著,A bus drove over a large puddle.,,,,,,,,,,,,,,,,,,,,,,,,,,,,,,,,,,,,,,,,,,,
13283,整体,A female chef stands at a table full of stuff and waves to the camera,,,,,,,,,,,,,,,,,,,,,,,,,,,,,,,,,,,,,,,,,,,
13283,非显著,There are many kitchen utensils on the table,,,,,,,,,,,,,,,,,,,,,,,,,,,,,,,,,,,,,,,,,,,
13283,显著,The cook waved to the camera in the kitchen.,,,,,,,,,,,,,,,,,,,,,,,,,,,,,,,,,,,,,,,,,,,
13296,整体,A clown is riding a bicycle with a black car behind him,,,,,,,,,,,,,,,,,,,,,,,,,,,,,,,,,,,,,,,,,,,
13296,非显著,The black car was driving down the road,,,,,,,,,,,,,,,,,,,,,,,,,,,,,,,,,,,,,,,,,,,
13296,显著,A clown rides a bicycle in the street,,,,,,,,,,,,,,,,,,,,,,,,,,,,,,,,,,,,,,,,,,,
13325,整体,The motorcyclist is about to pass a field of flowers,,,,,,,,,,,,,,,,,,,,,,,,,,,,,,,,,,,,,,,,,,,
13325,非显著,There's a guy on the left riding an moped,,,,,,,,,,,,,,,,,,,,,,,,,,,,,,,,,,,,,,,,,,,
13325,显著,Flowers grow in front of the welcome sign.,,,,,,,,,,,,,,,,,,,,,,,,,,,,,,,,,,,,,,,,,,,
13455,整体,The man in the cowboy hat watched the boy ride the sheep,,,,,,,,,,,,,,,,,,,,,,,,,,,,,,,,,,,,,,,,,,,
13455,非显著,A boy rides a sheep in the arena.,,,,,,,,,,,,,,,,,,,,,,,,,,,,,,,,,,,,,,,,,,,
13455,显著,Three men in cowboy hats stood in the arena,,,,,,,,,,,,,,,,,,,,,,,,,,,,,,,,,,,,,,,,,,,
13463,整体,"A small bathroom with a white toilet, a makeup mirror and a picture on the wall.",,,,,,,,,,,,,,,,,,,,,,,,,,,,,,,,,,,,,,,,,,,
13463,非显著,There is a white toilet in the bathroom.,,,,,,,,,,,,,,,,,,,,,,,,,,,,,,,,,,,,,,,,,,,
13463,显著,There is a vanity mirror and a picture frame on the wall,,,,,,,,,,,,,,,,,,,,,,,,,,,,,,,,,,,,,,,,,,,
13671,整体,Birds sit on wires in an old barn in a dry field.,,,,,,,,,,,,,,,,,,,,,,,,,,,,,,,,,,,,,,,,,,,
13671,非显著,The bird sits on the wire.,,,,,,,,,,,,,,,,,,,,,,,,,,,,,,,,,,,,,,,,,,,
13671,显著,A weather-beaten barn in the valley.,,,,,,,,,,,,,,,,,,,,,,,,,,,,,,,,,,,,,,,,,,,
13720,整体,There are fried eggs and milk on the table,,,,,,,,,,,,,,,,,,,,,,,,,,,,,,,,,,,,,,,,,,,
13720,非显著,On the table lay an egg with a bite,,,,,,,,,,,,,,,,,,,,,,,,,,,,,,,,,,,,,,,,,,,
13720,显著,There is a bottle of milk on the table,,,,,,,,,,,,,,,,,,,,,,,,,,,,,,,,,,,,,,,,,,,
13943,整体,A man was driving a carriage next to a red bus.,,,,,,,,,,,,,,,,,,,,,,,,,,,,,,,,,,,,,,,,,,,
13943,非显著,A red bus is running down the street,,,,,,,,,,,,,,,,,,,,,,,,,,,,,,,,,,,,,,,,,,,
13943,显著,A man was driving a carriage.,,,,,,,,,,,,,,,,,,,,,,,,,,,,,,,,,,,,,,,,,,,
13948,整体,Two zebras were on a dirt road near some dry grass.,,,,,,,,,,,,,,,,,,,,,,,,,,,,,,,,,,,,,,,,,,,
13948,非显著,"A zebra was standing on the road, cocking its head",,,,,,,,,,,,,,,,,,,,,,,,,,,,,,,,,,,,,,,,,,,
13948,显著,A zebra ran across the road,,,,,,,,,,,,,,,,,,,,,,,,,,,,,,,,,,,,,,,,,,,
14285,整体,A cat sleeps on the bed. There is a small TV in the bedroom.,,,,,,,,,,,,,,,,,,,,,,,,,,,,,,,,,,,,,,,,,,,
14285,非显著,"There was a small, old black TV in the room",,,,,,,,,,,,,,,,,,,,,,,,,,,,,,,,,,,,,,,,,,,
14285,显著,A long-haired cat was lying on a white bed,,,,,,,,,,,,,,,,,,,,,,,,,,,,,,,,,,,,,,,,,,,
14388,整体,Two men on mopeds stopped at the intersection.,,,,,,,,,,,,,,,,,,,,,,,,,,,,,,,,,,,,,,,,,,,
14388,非显著,A man in an orange coat is waiting at the traffic light,,,,,,,,,,,,,,,,,,,,,,,,,,,,,,,,,,,,,,,,,,,
14388,显著,A man in a white coat was waiting at the traffic light,,,,,,,,,,,,,,,,,,,,,,,,,,,,,,,,,,,,,,,,,,,
14470,整体,A woman takes pictures of children feeding a giraffe.,,,,,,,,,,,,,,,,,,,,,,,,,,,,,,,,,,,,,,,,,,,
14470,非显著,A woman is taking pictures,,,,,,,,,,,,,,,,,,,,,,,,,,,,,,,,,,,,,,,,,,,
14470,显著,A group of young children pet a pair of giraffes.,,,,,,,,,,,,,,,,,,,,,,,,,,,,,,,,,,,,,,,,,,,
14484,整体,There are yellow and green vans in front of the phone booth,,,,,,,,,,,,,,,,,,,,,,,,,,,,,,,,,,,,,,,,,,,
14484,非显著,There is a red and white telephone booth by the roadside,,,,,,,,,,,,,,,,,,,,,,,,,,,,,,,,,,,,,,,,,,,
14484,显著,Two vans were parked next to a small house.,,,,,,,,,,,,,,,,,,,,,,,,,,,,,,,,,,,,,,,,,,,
14502,整体,"One man swings a bat by a tree, the other man prepares to catch the ball.",,,,,,,,,,,,,,,,,,,,,,,,,,,,,,,,,,,,,,,,,,,
14502,非显著,The guy on the right is ready to catch,,,,,,,,,,,,,,,,,,,,,,,,,,,,,,,,,,,,,,,,,,,
14502,显著,A man who swings a baseball bat.,,,,,,,,,,,,,,,,,,,,,,,,,,,,,,,,,,,,,,,,,,,
14635,整体,"A woman was sitting at a table, while another woman was at the counter.",,,,,,,,,,,,,,,,,,,,,,,,,,,,,,,,,,,,,,,,,,,
14635,非显著,The old man in the white coat was cooking in the kitchen,,,,,,,,,,,,,,,,,,,,,,,,,,,,,,,,,,,,,,,,,,,
14635,显著,"A woman in a coat, sitting at a table.",,,,,,,,,,,,,,,,,,,,,,,,,,,,,,,,,,,,,,,,,,,
14740,整体,"There was a red fire hydrant on the side of the road, with smoke and people in the background",,,,,,,,,,,,,,,,,,,,,,,,,,,,,,,,,,,,,,,,,,,
14740,非显著,The three men watched the smoke in the distance,,,,,,,,,,,,,,,,,,,,,,,,,,,,,,,,,,,,,,,,,,,
14740,显著,Fire hydrant with hose connection,,,,,,,,,,,,,,,,,,,,,,,,,,,,,,,,,,,,,,,,,,,
15070,整体,Two cats are in the window looking out at squirrels.,,,,,,,,,,,,,,,,,,,,,,,,,,,,,,,,,,,,,,,,,,,
15070,非显著,There is a squirrel outside the window,,,,,,,,,,,,,,,,,,,,,,,,,,,,,,,,,,,,,,,,,,,
15070,显著,There are two cats in the house,,,,,,,,,,,,,,,,,,,,,,,,,,,,,,,,,,,,,,,,,,,
15110,整体,Pedestrians walking on the road immediately pass a sign,,,,,,,,,,,,,,,,,,,,,,,,,,,,,,,,,,,,,,,,,,,
15110,非显著,There are brown street signs and blue street signs,,,,,,,,,,,,,,,,,,,,,,,,,,,,,,,,,,,,,,,,,,,
15110,显著,A group of pedestrians were walking on the sidewalk in the rain.,,,,,,,,,,,,,,,,,,,,,,,,,,,,,,,,,,,,,,,,,,,
15289,整体,The red bus ran on the road with several tall buildings behind it,,,,,,,,,,,,,,,,,,,,,,,,,,,,,,,,,,,,,,,,,,,
15289,非显著,There is a tall building in the distance,,,,,,,,,,,,,,,,,,,,,,,,,,,,,,,,,,,,,,,,,,,
15289,显著,A red double-decker bus runs down the street.,,,,,,,,,,,,,,,,,,,,,,,,,,,,,,,,,,,,,,,,,,,
15302,整体,A little boy was playing baseball with some spectators,,,,,,,,,,,,,,,,,,,,,,,,,,,,,,,,,,,,,,,,,,,
15302,非显著,There were some spectators outside the tennis court,,,,,,,,,,,,,,,,,,,,,,,,,,,,,,,,,,,,,,,,,,,
15302,显著,A little boy was standing at home plate with a bat.,,,,,,,,,,,,,,,,,,,,,,,,,,,,,,,,,,,,,,,,,,,
15644,整体,A woman works on her laptop while the photographer records an event in the background.,,,,,,,,,,,,,,,,,,,,,,,,,,,,,,,,,,,,,,,,,,,
15644,非显著,There's a photographer taking pictures,,,,,,,,,,,,,,,,,,,,,,,,,,,,,,,,,,,,,,,,,,,
15644,显著,A woman sits in front of her laptop.,,,,,,,,,,,,,,,,,,,,,,,,,,,,,,,,,,,,,,,,,,,
15663,整体,People were riding bicycles and bus drivers were standing in front of buses,,,,,,,,,,,,,,,,,,,,,,,,,,,,,,,,,,,,,,,,,,,
15663,非显著,A man is standing in front of the bus.,,,,,,,,,,,,,,,,,,,,,,,,,,,,,,,,,,,,,,,,,,,
15663,显著,Cyclists weave through the middle of city streets.,,,,,,,,,,,,,,,,,,,,,,,,,,,,,,,,,,,,,,,,,,,
16038,整体,"Two men stand in front of the train to say goodbye, a boy and a bicycle ready to board",,,,,,,,,,,,,,,,,,,,,,,,,,,,,,,,,,,,,,,,,,,
16038,非显著,A boy pushes a bicycle,,,,,,,,,,,,,,,,,,,,,,,,,,,,,,,,,,,,,,,,,,,
16038,显著,A woman says goodbye to a man before loading her car.,,,,,,,,,,,,,,,,,,,,,,,,,,,,,,,,,,,,,,,,,,,
16243,整体,There were cakes and unwashed containers on the table,,,,,,,,,,,,,,,,,,,,,,,,,,,,,,,,,,,,,,,,,,,
16243,非显著,Unwashed chocolate container,,,,,,,,,,,,,,,,,,,,,,,,,,,,,,,,,,,,,,,,,,,
16243,显著,A cake on a metal plate.,,,,,,,,,,,,,,,,,,,,,,,,,,,,,,,,,,,,,,,,,,,
16575,整体,"One zebra lay down, the others stood",,,,,,,,,,,,,,,,,,,,,,,,,,,,,,,,,,,,,,,,,,,
16575,非显著,Two zebras are grazing,,,,,,,,,,,,,,,,,,,,,,,,,,,,,,,,,,,,,,,,,,,
16575,显著,A zebra is lying on the ground,,,,,,,,,,,,,,,,,,,,,,,,,,,,,,,,,,,,,,,,,,,
16616,整体,"One was riding a bike, and another was talking on the phone",,,,,,,,,,,,,,,,,,,,,,,,,,,,,,,,,,,,,,,,,,,
16616,非显著,There's a man on the right talking on the phone,,,,,,,,,,,,,,,,,,,,,,,,,,,,,,,,,,,,,,,,,,,
16616,显著,A woman rides her bike to and from work during rush hour.,,,,,,,,,,,,,,,,,,,,,,,,,,,,,,,,,,,,,,,,,,,
16706,整体,Two giraffes and a baby zebra are standing under a big tree,,,,,,,,,,,,,,,,,,,,,,,,,,,,,,,,,,,,,,,,,,,
16706,非显著,The zebra lowered its head to graze,,,,,,,,,,,,,,,,,,,,,,,,,,,,,,,,,,,,,,,,,,,
16706,显著,Two giraffes were eating by a tree.,,,,,,,,,,,,,,,,,,,,,,,,,,,,,,,,,,,,,,,,,,,
16905,整体,A man walks down the street leading a painted elephant carrying tourists.,,,,,,,,,,,,,,,,,,,,,,,,,,,,,,,,,,,,,,,,,,,
16905,非显著,There is some painting on the elephant,,,,,,,,,,,,,,,,,,,,,,,,,,,,,,,,,,,,,,,,,,,
16905,显著,Several men rode on the elephant's back.,,,,,,,,,,,,,,,,,,,,,,,,,,,,,,,,,,,,,,,,,,,
16961,整体,A guy on a skateboard with two barricades behind him,,,,,,,,,,,,,,,,,,,,,,,,,,,,,,,,,,,,,,,,,,,
16961,非显著,There are two roadblocks on the road,,,,,,,,,,,,,,,,,,,,,,,,,,,,,,,,,,,,,,,,,,,
16961,显著,A man with a board was pushed by a stick.,,,,,,,,,,,,,,,,,,,,,,,,,,,,,,,,,,,,,,,,,,,
17882,整体,Bikes were parked next to the car.,,,,,,,,,,,,,,,,,,,,,,,,,,,,,,,,,,,,,,,,,,,
17882,非显著,A row of bikes parked on the side of the road,,,,,,,,,,,,,,,,,,,,,,,,,,,,,,,,,,,,,,,,,,,
17882,显著,Two cars stopped at the side of the road,,,,,,,,,,,,,,,,,,,,,,,,,,,,,,,,,,,,,,,,,,,
18059,整体,There was a guy riding a skateboard and behind him a guy sitting under a tree taking pictures,,,,,,,,,,,,,,,,,,,,,,,,,,,,,,,,,,,,,,,,,,,
18059,非显著,There is a man taking pictures under the tree,,,,,,,,,,,,,,,,,,,,,,,,,,,,,,,,,,,,,,,,,,,
18059,显著,A man rides an electric skateboard,,,,,,,,,,,,,,,,,,,,,,,,,,,,,,,,,,,,,,,,,,,
18425,整体,The giraffe is grazing. Two cars pass behind it,,,,,,,,,,,,,,,,,,,,,,,,,,,,,,,,,,,,,,,,,,,
18425,非显著,There are two cars on the road,,,,,,,,,,,,,,,,,,,,,,,,,,,,,,,,,,,,,,,,,,,
18425,显著,The giraffe eats grass with its head down,,,,,,,,,,,,,,,,,,,,,,,,,,,,,,,,,,,,,,,,,,,
18584,整体,Two children are standing in front of Big Ben,,,,,,,,,,,,,,,,,,,,,,,,,,,,,,,,,,,,,,,,,,,
18584,非显著,Two children were standing on the side of the road,,,,,,,,,,,,,,,,,,,,,,,,,,,,,,,,,,,,,,,,,,,
18584,显著,The Big Ben clock tower stands above the city of London.,,,,,,,,,,,,,,,,,,,,,,,,,,,,,,,,,,,,,,,,,,,
18654,整体,People in the stands saw the cowboy fall to the ground,,,,,,,,,,,,,,,,,,,,,,,,,,,,,,,,,,,,,,,,,,,
18654,非显著,The people in the stands wore cowboy hats,,,,,,,,,,,,,,,,,,,,,,,,,,,,,,,,,,,,,,,,,,,
18654,显著,A cowboy who fell to the ground during a rodeo,,,,,,,,,,,,,,,,,,,,,,,,,,,,,,,,,,,,,,,,,,,
18802,整体,The kitchen is full of metal utensils and a dog.,,,,,,,,,,,,,,,,,,,,,,,,,,,,,,,,,,,,,,,,,,,
18802,非显著,A dog sits in the doorway,,,,,,,,,,,,,,,,,,,,,,,,,,,,,,,,,,,,,,,,,,,
18802,显著,The kitchen is full of metal utensils,,,,,,,,,,,,,,,,,,,,,,,,,,,,,,,,,,,,,,,,,,,
19185,整体,A view of a parking meter with a row of cars next to it.,,,,,,,,,,,,,,,,,,,,,,,,,,,,,,,,,,,,,,,,,,,
19185,非显著,There were many cars parked along the road,,,,,,,,,,,,,,,,,,,,,,,,,,,,,,,,,,,,,,,,,,,
19185,显著,Parking meters for two hours.,,,,,,,,,,,,,,,,,,,,,,,,,,,,,,,,,,,,,,,,,,,
19374,整体,A pizza parlor with pizzas on the table and tomatoes taped to the window,,,,,,,,,,,,,,,,,,,,,,,,,,,,,,,,,,,,,,,,,,,
19374,非显著,There is a tomato on the window,,,,,,,,,,,,,,,,,,,,,,,,,,,,,,,,,,,,,,,,,,,
19374,显著,There is a slice of pizza on the plate,,,,,,,,,,,,,,,,,,,,,,,,,,,,,,,,,,,,,,,,,,,
19375,整体,A woman handed the little girl a yellow Frisbee instead of the blue one next to her,,,,,,,,,,,,,,,,,,,,,,,,,,,,,,,,,,,,,,,,,,,
19375,非显著,There are blue Frisbees in the paper box,,,,,,,,,,,,,,,,,,,,,,,,,,,,,,,,,,,,,,,,,,,
19375,显著,A woman was handing a yellow Frisbee to a little girl.,,,,,,,,,,,,,,,,,,,,,,,,,,,,,,,,,,,,,,,,,,,
19446,整体,A group of people were playing Frisbee on the grass.,,,,,,,,,,,,,,,,,,,,,,,,,,,,,,,,,,,,,,,,,,,
19446,非显著,Runners 40 and 6 run forward,,,,,,,,,,,,,,,,,,,,,,,,,,,,,,,,,,,,,,,,,,,
19446,显著,The woman in red ran to catch the frisbee on the grass.,,,,,,,,,,,,,,,,,,,,,,,,,,,,,,,,,,,,,,,,,,,
19447,整体,The three giraffes in the enclosure pose in different positions.,,,,,,,,,,,,,,,,,,,,,,,,,,,,,,,,,,,,,,,,,,,
19447,非显著,A young giraffe bends down to drink from a pond.,,,,,,,,,,,,,,,,,,,,,,,,,,,,,,,,,,,,,,,,,,,
19447,显著,Two adult giraffes are in the grass,,,,,,,,,,,,,,,,,,,,,,,,,,,,,,,,,,,,,,,,,,,
19456,整体,A group of people were watching a man assemble food.,,,,,,,,,,,,,,,,,,,,,,,,,,,,,,,,,,,,,,,,,,,
19456,非显著,Outside the glass house stood three men,,,,,,,,,,,,,,,,,,,,,,,,,,,,,,,,,,,,,,,,,,,
19456,显著,A man prepares food at a table in the kitchen.,,,,,,,,,,,,,,,,,,,,,,,,,,,,,,,,,,,,,,,,,,,
19489,整体,There was a woman filming the handshake scene,,,,,,,,,,,,,,,,,,,,,,,,,,,,,,,,,,,,,,,,,,,
19489,非显著,A woman on the right holds up a camera,,,,,,,,,,,,,,,,,,,,,,,,,,,,,,,,,,,,,,,,,,,
19489,显著,A man with a microphone shakes hands with another man.,,,,,,,,,,,,,,,,,,,,,,,,,,,,,,,,,,,,,,,,,,,
19899,整体,There are many street signs and a tower in the background,,,,,,,,,,,,,,,,,,,,,,,,,,,,,,,,,,,,,,,,,,,
19899,非显著,A very big clock tower with a huge clock on it.,,,,,,,,,,,,,,,,,,,,,,,,,,,,,,,,,,,,,,,,,,,
19899,显著,Many street signs are attached to a metal pole,,,,,,,,,,,,,,,,,,,,,,,,,,,,,,,,,,,,,,,,,,,
20001,整体,The bowlers and batsmen on the field,,,,,,,,,,,,,,,,,,,,,,,,,,,,,,,,,,,,,,,,,,,
20001,非显著,The man in dark blue is ready to bat,,,,,,,,,,,,,,,,,,,,,,,,,,,,,,,,,,,,,,,,,,,
20001,显著,The man in yellow throws the ball,,,,,,,,,,,,,,,,,,,,,,,,,,,,,,,,,,,,,,,,,,,
20044,整体,A couple on skis with a third person waving at them from behind.,,,,,,,,,,,,,,,,,,,,,,,,,,,,,,,,,,,,,,,,,,,
20044,非显著,The man in the blue ski suit waves at the camera,,,,,,,,,,,,,,,,,,,,,,,,,,,,,,,,,,,,,,,,,,,
20044,显著,The two women stood smiling together on the hill,,,,,,,,,,,,,,,,,,,,,,,,,,,,,,,,,,,,,,,,,,,
20315,整体,Three dogs and several people were resting on the bench.,,,,,,,,,,,,,,,,,,,,,,,,,,,,,,,,,,,,,,,,,,,
20315,非显著,Several people sat on a bench talking,,,,,,,,,,,,,,,,,,,,,,,,,,,,,,,,,,,,,,,,,,,
20315,显著,Three dogs were resting on a bench,,,,,,,,,,,,,,,,,,,,,,,,,,,,,,,,,,,,,,,,,,,
20777,整体,"The fire truck was parked in front of a market, and a fireman was standing at the top of a ladder.",,,,,,,,,,,,,,,,,,,,,,,,,,,,,,,,,,,,,,,,,,,
20777,非显著,A fireman stood at the top of the ladder,,,,,,,,,,,,,,,,,,,,,,,,,,,,,,,,,,,,,,,,,,,
20777,显著,Fire engines were parked on the side of the road,,,,,,,,,,,,,,,,,,,,,,,,,,,,,,,,,,,,,,,,,,,
20853,整体,"People were playing drums, and a man was leading a horse.",,,,,,,,,,,,,,,,,,,,,,,,,,,,,,,,,,,,,,,,,,,
20853,非显著,"Two men are playing drums. One of them is dressed in white, the other in black",,,,,,,,,,,,,,,,,,,,,,,,,,,,,,,,,,,,,,,,,,,
20853,显著,A horse is kicking up dust and a man is touching its face,,,,,,,,,,,,,,,,,,,,,,,,,,,,,,,,,,,,,,,,,,,
20904,整体,People were walking along the side of the road with umbrellas hanging from overhead wires,,,,,,,,,,,,,,,,,,,,,,,,,,,,,,,,,,,,,,,,,,,
20904,非显著,There's something hanging from the wire,,,,,,,,,,,,,,,,,,,,,,,,,,,,,,,,,,,,,,,,,,,
20904,显著,A group of people were crossing the street under umbrellas.,,,,,,,,,,,,,,,,,,,,,,,,,,,,,,,,,,,,,,,,,,,
20979,整体,A blue and white bus stopped in front of a motorbike.,,,,,,,,,,,,,,,,,,,,,,,,,,,,,,,,,,,,,,,,,,,
20979,非显著,A motorcycle parked on the sidewalk.,,,,,,,,,,,,,,,,,,,,,,,,,,,,,,,,,,,,,,,,,,,
20979,显著,A blue bus stopped at the side of the road,,,,,,,,,,,,,,,,,,,,,,,,,,,,,,,,,,,,,,,,,,,
21051,整体,A man in dark green shorts is driving a boat with a six-pointed star,,,,,,,,,,,,,,,,,,,,,,,,,,,,,,,,,,,,,,,,,,,
21051,非显著,The ship bears the symbol of a hexagram,,,,,,,,,,,,,,,,,,,,,,,,,,,,,,,,,,,,,,,,,,,
21051,显著,Men in dark green shorts are sailing,,,,,,,,,,,,,,,,,,,,,,,,,,,,,,,,,,,,,,,,,,,
21212,整体,"A man is walking in the street, in front of a tall tower",,,,,,,,,,,,,,,,,,,,,,,,,,,,,,,,,,,,,,,,,,,
21212,非显著,A man was walking down a brick alley.,,,,,,,,,,,,,,,,,,,,,,,,,,,,,,,,,,,,,,,,,,,
21212,显著,There is a tall tower at the end of the road,,,,,,,,,,,,,,,,,,,,,,,,,,,,,,,,,,,,,,,,,,,
21423,整体,"People stand behind cars, opposite three potted plants",,,,,,,,,,,,,,,,,,,,,,,,,,,,,,,,,,,,,,,,,,,
21423,非显著,There are some potted plants on the roadside. There are white flowers and red flowers in them,,,,,,,,,,,,,,,,,,,,,,,,,,,,,,,,,,,,,,,,,,,
21423,显著,"People stand behind a Bentley, holding umbrellas.",,,,,,,,,,,,,,,,,,,,,,,,,,,,,,,,,,,,,,,,,,,
21528,整体,There was a cyclist on the road with a black and white street sign in front of him,,,,,,,,,,,,,,,,,,,,,,,,,,,,,,,,,,,,,,,,,,,
21528,非显著,There is a sign pointing to the right,,,,,,,,,,,,,,,,,,,,,,,,,,,,,,,,,,,,,,,,,,,
21528,显著,"A man was riding a very tall bicycle, behind another bicycle.",,,,,,,,,,,,,,,,,,,,,,,,,,,,,,,,,,,,,,,,,,,
21571,整体,A dog is sitting in the window looking at a car,,,,,,,,,,,,,,,,,,,,,,,,,,,,,,,,,,,,,,,,,,,
21571,非显著,Gray cars were parked in the courtyard,,,,,,,,,,,,,,,,,,,,,,,,,,,,,,,,,,,,,,,,,,,
21571,显著,A dog stares out the window,,,,,,,,,,,,,,,,,,,,,,,,,,,,,,,,,,,,,,,,,,,
21711,整体,The motorcyclist and a bicycle were parked in the yard.,,,,,,,,,,,,,,,,,,,,,,,,,,,,,,,,,,,,,,,,,,,
21711,非显著,The bicycle lay on the road,,,,,,,,,,,,,,,,,,,,,,,,,,,,,,,,,,,,,,,,,,,
21711,显著,A group of motorcyclists on a wasteland.,,,,,,,,,,,,,,,,,,,,,,,,,,,,,,,,,,,,,,,,,,,
21717,整体,The birthday man has a balloon in front of him,,,,,,,,,,,,,,,,,,,,,,,,,,,,,,,,,,,,,,,,,,,
21717,非显著,There is a balloon in the room,,,,,,,,,,,,,,,,,,,,,,,,,,,,,,,,,,,,,,,,,,,
21717,显著,One man wore a birthday cake hat and held a cell phone.,,,,,,,,,,,,,,,,,,,,,,,,,,,,,,,,,,,,,,,,,,,
21750,整体,A little girl was eating a doughnut with a glass of juice in front of her,,,,,,,,,,,,,,,,,,,,,,,,,,,,,,,,,,,,,,,,,,,
21750,非显著,There is a glass of juice on the table,,,,,,,,,,,,,,,,,,,,,,,,,,,,,,,,,,,,,,,,,,,
21750,显著,A little girl is eating a donut,,,,,,,,,,,,,,,,,,,,,,,,,,,,,,,,,,,,,,,,,,,
21786,整体,On the road lined with barricades were several men in safety vests,,,,,,,,,,,,,,,,,,,,,,,,,,,,,,,,,,,,,,,,,,,
21786,非显著,There are several roadblocks on the road,,,,,,,,,,,,,,,,,,,,,,,,,,,,,,,,,,,,,,,,,,,
21786,显著,The woman in the safety vest is on the phone.,,,,,,,,,,,,,,,,,,,,,,,,,,,,,,,,,,,,,,,,,,,
21889,整体,A worker in orange is walking towards a big ship.,,,,,,,,,,,,,,,,,,,,,,,,,,,,,,,,,,,,,,,,,,,
21889,非显著,A man in a safety suit walks along the edge,,,,,,,,,,,,,,,,,,,,,,,,,,,,,,,,,,,,,,,,,,,
21889,显著,This is a big ship with a lot of people on board,,,,,,,,,,,,,,,,,,,,,,,,,,,,,,,,,,,,,,,,,,,
21926,整体,There was a crowd on the sidewalk and a plane overhead.,,,,,,,,,,,,,,,,,,,,,,,,,,,,,,,,,,,,,,,,,,,
21926,非显著,Some people are walking in a busy place,,,,,,,,,,,,,,,,,,,,,,,,,,,,,,,,,,,,,,,,,,,
21926,显著,A red plane was flying low over the street,,,,,,,,,,,,,,,,,,,,,,,,,,,,,,,,,,,,,,,,,,,
21981,整体,A truck drives down the street with motorcycles in the foreground.,,,,,,,,,,,,,,,,,,,,,,,,,,,,,,,,,,,,,,,,,,,
21981,非显著,A scooter parked on the side of the road.,,,,,,,,,,,,,,,,,,,,,,,,,,,,,,,,,,,,,,,,,,,
21981,显著,A truck driving down the street,,,,,,,,,,,,,,,,,,,,,,,,,,,,,,,,,,,,,,,,,,,
22014,整体,There are chairs and a clock in the living room,,,,,,,,,,,,,,,,,,,,,,,,,,,,,,,,,,,,,,,,,,,
22014,非显著,There is a clock in the living room,,,,,,,,,,,,,,,,,,,,,,,,,,,,,,,,,,,,,,,,,,,
22014,显著,There are chairs of different colors in this living room,,,,,,,,,,,,,,,,,,,,,,,,,,,,,,,,,,,,,,,,,,,
22180,整体,A small stuffed bear sits on a tricycle and the family watches it.,,,,,,,,,,,,,,,,,,,,,,,,,,,,,,,,,,,,,,,,,,,
22180,非显著,People are sitting on sofas,,,,,,,,,,,,,,,,,,,,,,,,,,,,,,,,,,,,,,,,,,,
22180,显著,A teddy bear sits on a bicycle in the living room,,,,,,,,,,,,,,,,,,,,,,,,,,,,,,,,,,,,,,,,,,,
22213,整体,Volunteers are helping a group of people ashore,,,,,,,,,,,,,,,,,,,,,,,,,,,,,,,,,,,,,,,,,,,
22213,非显著,The volunteers were dressed in red and green,,,,,,,,,,,,,,,,,,,,,,,,,,,,,,,,,,,,,,,,,,,
22213,显著,A group of people were disembarking from the boat,,,,,,,,,,,,,,,,,,,,,,,,,,,,,,,,,,,,,,,,,,,
22256,整体,"POTS and pans hang on the kitchen bar, and a bowl of fruit sits below",,,,,,,,,,,,,,,,,,,,,,,,,,,,,,,,,,,,,,,,,,,
22256,非显著,There was a bowl of fruit on the kitchen bar,,,,,,,,,,,,,,,,,,,,,,,,,,,,,,,,,,,,,,,,,,,
22256,显著,POTS and pans hang on the kitchen bar.,,,,,,,,,,,,,,,,,,,,,,,,,,,,,,,,,,,,,,,,,,,
22275,整体,"There is a woman, a cat and a Christmas tree in the room",,,,,,,,,,,,,,,,,,,,,,,,,,,,,,,,,,,,,,,,,,,
22275,非显著,There is a Christmas tree in the room,,,,,,,,,,,,,,,,,,,,,,,,,,,,,,,,,,,,,,,,,,,
22275,显著,A woman sits at a wooden table next to a white cat.,,,,,,,,,,,,,,,,,,,,,,,,,,,,,,,,,,,,,,,,,,,
22287,整体,A giraffe is eating hay with two zebras.,,,,,,,,,,,,,,,,,,,,,,,,,,,,,,,,,,,,,,,,,,,
22287,非显著,A zebra looks to the right,,,,,,,,,,,,,,,,,,,,,,,,,,,,,,,,,,,,,,,,,,,
22287,显著,A giraffe munches on food from a feeder,,,,,,,,,,,,,,,,,,,,,,,,,,,,,,,,,,,,,,,,,,,
22411,整体,Students are eating pizza with lots of books behind them,,,,,,,,,,,,,,,,,,,,,,,,,,,,,,,,,,,,,,,,,,,
22411,非显著,There are many books in the bookcase in the common area,,,,,,,,,,,,,,,,,,,,,,,,,,,,,,,,,,,,,,,,,,,
22411,显著,Some students or friends are eating pizza in the library,,,,,,,,,,,,,,,,,,,,,,,,,,,,,,,,,,,,,,,,,,,
22621,整体,The kitchen cabinets are blue and there are many plants on the table,,,,,,,,,,,,,,,,,,,,,,,,,,,,,,,,,,,,,,,,,,,
22621,非显著,There are many potted plants on the table,,,,,,,,,,,,,,,,,,,,,,,,,,,,,,,,,,,,,,,,,,,
22621,显著,There are blue cabinets in the kitchen,,,,,,,,,,,,,,,,,,,,,,,,,,,,,,,,,,,,,,,,,,,
22671,整体,A man was sitting on his motorcycle with a stop sign next to it.,,,,,,,,,,,,,,,,,,,,,,,,,,,,,,,,,,,,,,,,,,,
22671,非显著,There is a stop sign on the side of the road,,,,,,,,,,,,,,,,,,,,,,,,,,,,,,,,,,,,,,,,,,,
22671,显著,A man was sitting on a motorcycle at an intersection.,,,,,,,,,,,,,,,,,,,,,,,,,,,,,,,,,,,,,,,,,,,
22850,整体,Six men in uniform were about to eat cake.,,,,,,,,,,,,,,,,,,,,,,,,,,,,,,,,,,,,,,,,,,,
22850,非显著,Nearby soldiers were clapping,,,,,,,,,,,,,,,,,,,,,,,,,,,,,,,,,,,,,,,,,,,
22850,显著,The two commanders cut the cake with their swords.,,,,,,,,,,,,,,,,,,,,,,,,,,,,,,,,,,,,,,,,,,,
23162,整体,A flock of sheep huddled together while a dog watched,,,,,,,,,,,,,,,,,,,,,,,,,,,,,,,,,,,,,,,,,,,
23162,非显著,A sheepdog was lying on the grass.,,,,,,,,,,,,,,,,,,,,,,,,,,,,,,,,,,,,,,,,,,,
23162,显著,A flock of sheep huddled together,,,,,,,,,,,,,,,,,,,,,,,,,,,,,,,,,,,,,,,,,,,
23199,整体,"A few giraffes were near the open palm trees, and gazelles were in the distance.",,,,,,,,,,,,,,,,,,,,,,,,,,,,,,,,,,,,,,,,,,,
23199,非显著,There are many gazelles in the grass,,,,,,,,,,,,,,,,,,,,,,,,,,,,,,,,,,,,,,,,,,,
23199,显著,A few giraffes are near the open palm trees.,,,,,,,,,,,,,,,,,,,,,,,,,,,,,,,,,,,,,,,,,,,
23255,整体,The bird is next to the red fire hydrant,,,,,,,,,,,,,,,,,,,,,,,,,,,,,,,,,,,,,,,,,,,
23255,非显著,A bird sits by the water's edge.,,,,,,,,,,,,,,,,,,,,,,,,,,,,,,,,,,,,,,,,,,,
23255,显著,Fire hydrants near bodies of water.,,,,,,,,,,,,,,,,,,,,,,,,,,,,,,,,,,,,,,,,,,,
23298,整体,The child looked at the young man riding a bicycle,,,,,,,,,,,,,,,,,,,,,,,,,,,,,,,,,,,,,,,,,,,
23298,非显著,There are three children in the room,,,,,,,,,,,,,,,,,,,,,,,,,,,,,,,,,,,,,,,,,,,
23298,显著,A man rides a stationary bike indoors.,,,,,,,,,,,,,,,,,,,,,,,,,,,,,,,,,,,,,,,,,,,
23378,整体,"A herd of zebras was crossing a stretch of water, and in the distance there were some elephants.",,,,,,,,,,,,,,,,,,,,,,,,,,,,,,,,,,,,,,,,,,,
23378,非显著,Some elephants are standing on the prairie,,,,,,,,,,,,,,,,,,,,,,,,,,,,,,,,,,,,,,,,,,,
23378,显著,A herd of zebras is crossing a body of water.,,,,,,,,,,,,,,,,,,,,,,,,,,,,,,,,,,,,,,,,,,,
23405,整体,"""Stop"" signs written in foreign languages on streets where people walk on sidewalks.",,,,,,,,,,,,,,,,,,,,,,,,,,,,,,,,,,,,,,,,,,,
23405,非显著,The child is walking on the road,,,,,,,,,,,,,,,,,,,,,,,,,,,,,,,,,,,,,,,,,,,
23405,显著,Stop signs written in foreign languages,,,,,,,,,,,,,,,,,,,,,,,,,,,,,,,,,,,,,,,,,,,
23703,整体,A group of people and a dog are swimming in the water,,,,,,,,,,,,,,,,,,,,,,,,,,,,,,,,,,,,,,,,,,,
23703,非显著,A dog swimming in the sea.,,,,,,,,,,,,,,,,,,,,,,,,,,,,,,,,,,,,,,,,,,,
23703,显著,Beachgoers stand waist-deep in the current.,,,,,,,,,,,,,,,,,,,,,,,,,,,,,,,,,,,,,,,,,,,
23793,整体,"The children were lining up to get on the bus, and a horse was grazing beside them",,,,,,,,,,,,,,,,,,,,,,,,,,,,,,,,,,,,,,,,,,,
23793,非显著,There is a horse grazing on the far left,,,,,,,,,,,,,,,,,,,,,,,,,,,,,,,,,,,,,,,,,,,
23793,显著,Children stood outside the yellow school bus waiting to board,,,,,,,,,,,,,,,,,,,,,,,,,,,,,,,,,,,,,,,,,,,
23875,整体,"Kitchen sink, paper towels on the counter.",,,,,,,,,,,,,,,,,,,,,,,,,,,,,,,,,,,,,,,,,,,
23875,非显著,Purple boxes of paper towels lay on the kitchen counter,,,,,,,,,,,,,,,,,,,,,,,,,,,,,,,,,,,,,,,,,,,
23875,显著,There are two sinks on the kitchen counter,,,,,,,,,,,,,,,,,,,,,,,,,,,,,,,,,,,,,,,,,,,
23879,整体,People wait at the train crossing for the train to go through,,,,,,,,,,,,,,,,,,,,,,,,,,,,,,,,,,,,,,,,,,,
23879,非显著,Two men on an electric bike pulled up to the side of the road,,,,,,,,,,,,,,,,,,,,,,,,,,,,,,,,,,,,,,,,,,,
23879,显著,A train that runs on the tracks near the city.,,,,,,,,,,,,,,,,,,,,,,,,,,,,,,,,,,,,,,,,,,,
24036,整体,The White Castle is topped with scaffolding and flanked by cobblestone paths,,,,,,,,,,,,,,,,,,,,,,,,,,,,,,,,,,,,,,,,,,,
24036,非显著,There are cobblestone paths in the courtyard,,,,,,,,,,,,,,,,,,,,,,,,,,,,,,,,,,,,,,,,,,,
24036,显著,There is scaffolding on the dome at the top of the building.,,,,,,,,,,,,,,,,,,,,,,,,,,,,,,,,,,,,,,,,,,,
24086,整体,"In a room full of books, the little girl was looking at a plate of cake",,,,,,,,,,,,,,,,,,,,,,,,,,,,,,,,,,,,,,,,,,,
24086,非显著,The bookcase in the room is full of books,,,,,,,,,,,,,,,,,,,,,,,,,,,,,,,,,,,,,,,,,,,
24086,显著,A little girl is looking at a plate of cakes.,,,,,,,,,,,,,,,,,,,,,,,,,,,,,,,,,,,,,,,,,,,
24260,整体,A pair of horse and zebra variants stand on a grassy field surrounded by a crowd of people.,,,,,,,,,,,,,,,,,,,,,,,,,,,,,,,,,,,,,,,,,,,
24260,非显著,The audience stood outside the wooden railings,,,,,,,,,,,,,,,,,,,,,,,,,,,,,,,,,,,,,,,,,,,
24260,显著,"An animal that is half zebra, half horse, half zebra.",,,,,,,,,,,,,,,,,,,,,,,,,,,,,,,,,,,,,,,,,,,
24305,整体,"In the wedding scene decorated with streamers, the couple cut the cake",,,,,,,,,,,,,,,,,,,,,,,,,,,,,,,,,,,,,,,,,,,
24305,非显著,The wedding was decorated with white streamers,,,,,,,,,,,,,,,,,,,,,,,,,,,,,,,,,,,,,,,,,,,
24305,显著,The bride and groom cut a small cake at an outdoor wedding.,,,,,,,,,,,,,,,,,,,,,,,,,,,,,,,,,,,,,,,,,,,
24689,整体,"The mother, wearing dark glasses, sat at the table while her sons ate pizza",,,,,,,,,,,,,,,,,,,,,,,,,,,,,,,,,,,,,,,,,,,
24689,非显著,Mother sat at the table wearing dark glasses,,,,,,,,,,,,,,,,,,,,,,,,,,,,,,,,,,,,,,,,,,,
24689,显著,Two children are eating pizza,,,,,,,,,,,,,,,,,,,,,,,,,,,,,,,,,,,,,,,,,,,
25433,整体,The tour bus was parked on the side of the road against three flags,,,,,,,,,,,,,,,,,,,,,,,,,,,,,,,,,,,,,,,,,,,
25433,非显著,There are three flags on the street,,,,,,,,,,,,,,,,,,,,,,,,,,,,,,,,,,,,,,,,,,,
25433,显著,The tour bus was parked on the side of the road,,,,,,,,,,,,,,,,,,,,,,,,,,,,,,,,,,,,,,,,,,,
25528,整体,Little League teams play against each other.,,,,,,,,,,,,,,,,,,,,,,,,,,,,,,,,,,,,,,,,,,,
25528,非显著,The bowler has thrown the ball,,,,,,,,,,,,,,,,,,,,,,,,,,,,,,,,,,,,,,,,,,,
25528,显著,A child preparing to hit at a baseball game.,,,,,,,,,,,,,,,,,,,,,,,,,,,,,,,,,,,,,,,,,,,
25551,整体,"There was an accident and police cars, ambulances and fire engines all arrived",,,,,,,,,,,,,,,,,,,,,,,,,,,,,,,,,,,,,,,,,,,
25551,非显著,"Next to the fire engine, men in red clothes held dogs",,,,,,,,,,,,,,,,,,,,,,,,,,,,,,,,,,,,,,,,,,,
25551,显著,An ambulance and police were on the side of the road.,,,,,,,,,,,,,,,,,,,,,,,,,,,,,,,,,,,,,,,,,,,
26260,整体,Two women were cooking in the kitchen,,,,,,,,,,,,,,,,,,,,,,,,,,,,,,,,,,,,,,,,,,,
26260,非显著,The woman in red is preparing food,,,,,,,,,,,,,,,,,,,,,,,,,,,,,,,,,,,,,,,,,,,
26260,显著,Young beauties with tattoos prepare food in the kitchen.,,,,,,,,,,,,,,,,,,,,,,,,,,,,,,,,,,,,,,,,,,,
26304,整体,"A woman is standing looking at her phone, and two women are standing under a big flower tree picking flowers",,,,,,,,,,,,,,,,,,,,,,,,,,,,,,,,,,,,,,,,,,,
26304,非显著,Two men held their phones above their heads to photograph the cherry blossoms,,,,,,,,,,,,,,,,,,,,,,,,,,,,,,,,,,,,,,,,,,,
26304,显著,A woman is outside looking at her phone.,,,,,,,,,,,,,,,,,,,,,,,,,,,,,,,,,,,,,,,,,,,
26438,整体,"The man in black raises his hand in Bi Yeah, next to the little yellow train",,,,,,,,,,,,,,,,,,,,,,,,,,,,,,,,,,,,,,,,,,,
26438,非显著,The men in black raised their hands in the sky than Yeah,,,,,,,,,,,,,,,,,,,,,,,,,,,,,,,,,,,,,,,,,,,
26438,显著,The little yellow train on the track.,,,,,,,,,,,,,,,,,,,,,,,,,,,,,,,,,,,,,,,,,,,
26503,整体,"Three animals are lying on the bed, next to the white lamp",,,,,,,,,,,,,,,,,,,,,,,,,,,,,,,,,,,,,,,,,,,
26503,非显著,There are white lamps on the bedside table,,,,,,,,,,,,,,,,,,,,,,,,,,,,,,,,,,,,,,,,,,,
26503,显著,Two dogs and a cat are lying on the bed.,,,,,,,,,,,,,,,,,,,,,,,,,,,,,,,,,,,,,,,,,,,
26517,整体,"Two cows facing each other, three sheep standing on a hill.",,,,,,,,,,,,,,,,,,,,,,,,,,,,,,,,,,,,,,,,,,,
26517,非显著,Three sheep are grazing in the meadow,,,,,,,,,,,,,,,,,,,,,,,,,,,,,,,,,,,,,,,,,,,
26517,显著,Two cows face each other.,,,,,,,,,,,,,,,,,,,,,,,,,,,,,,,,,,,,,,,,,,,
26913,整体,Several men went to a restaurant to eat. The waitress was pouring drinks,,,,,,,,,,,,,,,,,,,,,,,,,,,,,,,,,,,,,,,,,,,
26913,非显著,The waitress is pouring drinks,,,,,,,,,,,,,,,,,,,,,,,,,,,,,,,,,,,,,,,,,,,
26913,显著,Several men sat around a wooden table,,,,,,,,,,,,,,,,,,,,,,,,,,,,,,,,,,,,,,,,,,,
27208,整体,Kites are flying in the sky. There are tall buildings in the distance,,,,,,,,,,,,,,,,,,,,,,,,,,,,,,,,,,,,,,,,,,,
27208,非显著,The tall building in the distance diminishes in the photo,,,,,,,,,,,,,,,,,,,,,,,,,,,,,,,,,,,,,,,,,,,
27208,显著,Many strange kites were flying over the wide beach.,,,,,,,,,,,,,,,,,,,,,,,,,,,,,,,,,,,,,,,,,,,
28714,整体,A bicycle parked between two paintings,,,,,,,,,,,,,,,,,,,,,,,,,,,,,,,,,,,,,,,,,,,
28714,非显著,Bicycles parked on the street,,,,,,,,,,,,,,,,,,,,,,,,,,,,,,,,,,,,,,,,,,,
28714,显著,There are two pictures on the wall,,,,,,,,,,,,,,,,,,,,,,,,,,,,,,,,,,,,,,,,,,,
28885,整体,"A giraffe was standing in a pen, and a group of people were standing nearby.",,,,,,,,,,,,,,,,,,,,,,,,,,,,,,,,,,,,,,,,,,,
28885,非显著,People are walking on the sidewalk,,,,,,,,,,,,,,,,,,,,,,,,,,,,,,,,,,,,,,,,,,,
28885,显著,A giraffe is behind a fence in the shade of a tree,,,,,,,,,,,,,,,,,,,,,,,,,,,,,,,,,,,,,,,,,,,
29075,整体,The elephants on the bank walked towards the thatched hut,,,,,,,,,,,,,,,,,,,,,,,,,,,,,,,,,,,,,,,,,,,
29075,非显著,There is a thatched hut on the right of the picture,,,,,,,,,,,,,,,,,,,,,,,,,,,,,,,,,,,,,,,,,,,
29075,显著,There are many elephants in the river and beside it,,,,,,,,,,,,,,,,,,,,,,,,,,,,,,,,,,,,,,,,,,,
29587,整体,A man wearing a gray hat looked in the direction of the cat,,,,,,,,,,,,,,,,,,,,,,,,,,,,,,,,,,,,,,,,,,,
29587,非显著,A man is wearing a gray hat,,,,,,,,,,,,,,,,,,,,,,,,,,,,,,,,,,,,,,,,,,,
29587,显著,A cat sits on a man's head.,,,,,,,,,,,,,,,,,,,,,,,,,,,,,,,,,,,,,,,,,,,
29607,整体,The family looked at the cake. On the wall were their old photos,,,,,,,,,,,,,,,,,,,,,,,,,,,,,,,,,,,,,,,,,,,
29607,非显著,There are many pictures on the wall,,,,,,,,,,,,,,,,,,,,,,,,,,,,,,,,,,,,,,,,,,,
29607,显著,The family looked down at the pink and white cake.,,,,,,,,,,,,,,,,,,,,,,,,,,,,,,,,,,,,,,,,,,,
30643,整体,A bicycle was parked next to a woman holding an umbrella.,,,,,,,,,,,,,,,,,,,,,,,,,,,,,,,,,,,,,,,,,,,
30643,非显著,A bike with a tarp,,,,,,,,,,,,,,,,,,,,,,,,,,,,,,,,,,,,,,,,,,,
30643,显著,People holding umbrellas stood on the roadside,,,,,,,,,,,,,,,,,,,,,,,,,,,,,,,,,,,,,,,,,,,
32060,整体,A horse-drawn carriage passed some parked tractors.,,,,,,,,,,,,,,,,,,,,,,,,,,,,,,,,,,,,,,,,,,,
32060,非显著,Several tractors were parked on the side of the road,,,,,,,,,,,,,,,,,,,,,,,,,,,,,,,,,,,,,,,,,,,
32060,显著,A carriage was driving down the street,,,,,,,,,,,,,,,,,,,,,,,,,,,,,,,,,,,,,,,,,,,
32124,整体,A woman was sitting on the side of the road with a blue bicycle parked behind her,,,,,,,,,,,,,,,,,,,,,,,,,,,,,,,,,,,,,,,,,,,
32124,非显著,The blue bike is parked on the side of the road,,,,,,,,,,,,,,,,,,,,,,,,,,,,,,,,,,,,,,,,,,,
32124,显著,A woman sat on the curb with her backpack at her feet.,,,,,,,,,,,,,,,,,,,,,,,,,,,,,,,,,,,,,,,,,,,
32456,整体,"Giraffes and zebras roam on the grass, cars go by on the path",,,,,,,,,,,,,,,,,,,,,,,,,,,,,,,,,,,,,,,,,,,
32456,非显著,A giraffe and a zebra are standing near a tree,,,,,,,,,,,,,,,,,,,,,,,,,,,,,,,,,,,,,,,,,,,
32456,显著,The car was driving along the road,,,,,,,,,,,,,,,,,,,,,,,,,,,,,,,,,,,,,,,,,,,
34151,整体,"A man reached for a pizza on the table, next to which were bottles of beer.",,,,,,,,,,,,,,,,,,,,,,,,,,,,,,,,,,,,,,,,,,,
34151,非显著,There are some bottles of beer on the table,,,,,,,,,,,,,,,,,,,,,,,,,,,,,,,,,,,,,,,,,,,
34151,显著,A man reached for a pizza on the table.,,,,,,,,,,,,,,,,,,,,,,,,,,,,,,,,,,,,,,,,,,,
34223,整体,Microsoft technicians watch robot dogs move across artificial turf.,,,,,,,,,,,,,,,,,,,,,,,,,,,,,,,,,,,,,,,,,,,
34223,非显著,Two robot dogs are playing football,,,,,,,,,,,,,,,,,,,,,,,,,,,,,,,,,,,,,,,,,,,
34223,显著,Four men are talking,,,,,,,,,,,,,,,,,,,,,,,,,,,,,,,,,,,,,,,,,,,
35322,整体,A woman riding her bicycle down the street passes a giant flower pot with palm trees in it.,,,,,,,,,,,,,,,,,,,,,,,,,,,,,,,,,,,,,,,,,,,
35322,非显著,A man in blue on a bicycle.,,,,,,,,,,,,,,,,,,,,,,,,,,,,,,,,,,,,,,,,,,,
35322,显著,There were big potted plants tied to the truck outside.,,,,,,,,,,,,,,,,,,,,,,,,,,,,,,,,,,,,,,,,,,,
35456,整体,The man on the phone looked at the group on the left,,,,,,,,,,,,,,,,,,,,,,,,,,,,,,,,,,,,,,,,,,,
35456,非显著,There was a crowd of people standing next to the plant,,,,,,,,,,,,,,,,,,,,,,,,,,,,,,,,,,,,,,,,,,,
35456,显著,"A person on a mobile phone, holding his hand against his stomach.",,,,,,,,,,,,,,,,,,,,,,,,,,,,,,,,,,,,,,,,,,,
37671,整体,The little boy was playing baseball. There were two coaches outside,,,,,,,,,,,,,,,,,,,,,,,,,,,,,,,,,,,,,,,,,,,
37671,非显著,There are two coaches off the court,,,,,,,,,,,,,,,,,,,,,,,,,,,,,,,,,,,,,,,,,,,
37671,显著,Two little boys are playing baseball,,,,,,,,,,,,,,,,,,,,,,,,,,,,,,,,,,,,,,,,,,,
37675,整体,A few horses were grazing and a spot of snow was melting around them,,,,,,,,,,,,,,,,,,,,,,,,,,,,,,,,,,,,,,,,,,,
37675,非显著,The snow on the grass is melting,,,,,,,,,,,,,,,,,,,,,,,,,,,,,,,,,,,,,,,,,,,
37675,显著,Two horses were grazing in front of the farm.,,,,,,,,,,,,,,,,,,,,,,,,,,,,,,,,,,,,,,,,,,,
40515,整体,"A man was standing next to two people, near a body of water.",,,,,,,,,,,,,,,,,,,,,,,,,,,,,,,,,,,,,,,,,,,
40515,非显著,The man in nothing but speedos held out his hand,,,,,,,,,,,,,,,,,,,,,,,,,,,,,,,,,,,,,,,,,,,
40515,显著,Two men are practicing water skiing near the water.,,,,,,,,,,,,,,,,,,,,,,,,,,,,,,,,,,,,,,,,,,,
43305,整体,A player is jumping with a baseball bat at his feet,,,,,,,,,,,,,,,,,,,,,,,,,,,,,,,,,,,,,,,,,,,
43305,非显著,There is a baseball bat on the ground,,,,,,,,,,,,,,,,,,,,,,,,,,,,,,,,,,,,,,,,,,,
43305,显著,A baseball player jumped at a base in midair.,,,,,,,,,,,,,,,,,,,,,,,,,,,,,,,,,,,,,,,,,,,
43411,整体,"There were a bunch of different foods in the shop, and outside there were people walking down the street",,,,,,,,,,,,,,,,,,,,,,,,,,,,,,,,,,,,,,,,,,,
43411,非显著,People in black clothes and carrying blue bags walk down the street,,,,,,,,,,,,,,,,,,,,,,,,,,,,,,,,,,,,,,,,,,,
43411,显著,There's a bunch of different foods in the store.,,,,,,,,,,,,,,,,,,,,,,,,,,,,,,,,,,,,,,,,,,,
43510,整体,Two baseball players played with bats and gloves while their players stood outside the railing,,,,,,,,,,,,,,,,,,,,,,,,,,,,,,,,,,,,,,,,,,,
43510,非显著,"There were four men leaning over the railing, waiting to get on",,,,,,,,,,,,,,,,,,,,,,,,,,,,,,,,,,,,,,,,,,,
43510,显著,Two baseball players play the ball with a bat and glove,,,,,,,,,,,,,,,,,,,,,,,,,,,,,,,,,,,,,,,,,,,
43513,整体,Two men are standing next to motorcycles. There are a lot of bikes on the left,,,,,,,,,,,,,,,,,,,,,,,,,,,,,,,,,,,,,,,,,,,
43513,非显著,Many bikes are parked on the side of the road,,,,,,,,,,,,,,,,,,,,,,,,,,,,,,,,,,,,,,,,,,,
43513,显著,Two men stood by the red motorcycle,,,,,,,,,,,,,,,,,,,,,,,,,,,,,,,,,,,,,,,,,,,
43960,整体,The children were playing softball while the adults looked on.,,,,,,,,,,,,,,,,,,,,,,,,,,,,,,,,,,,,,,,,,,,
43960,非显著,There were several people sitting on chairs on the lawn,,,,,,,,,,,,,,,,,,,,,,,,,,,,,,,,,,,,,,,,,,,
43960,显著,One boy caught the ball and the other boy held the bat.,,,,,,,,,,,,,,,,,,,,,,,,,,,,,,,,,,,,,,,,,,,
44045,整体,A bicycle sits at the bottom of a stop sign with a one-way sign,,,,,,,,,,,,,,,,,,,,,,,,,,,,,,,,,,,,,,,,,,,
44045,非显著,There is a one way sign on the roadside,,,,,,,,,,,,,,,,,,,,,,,,,,,,,,,,,,,,,,,,,,,
44045,显著,A bicycle leans against a stop sign.,,,,,,,,,,,,,,,,,,,,,,,,,,,,,,,,,,,,,,,,,,,
44341,整体,The red car was parked on the side of the road with a fire hydrant and a stop sign,,,,,,,,,,,,,,,,,,,,,,,,,,,,,,,,,,,,,,,,,,,
44341,非显著,The red car was parked on the side of the road,,,,,,,,,,,,,,,,,,,,,,,,,,,,,,,,,,,,,,,,,,,
44341,显著,There is a stop sign at the corner next to the fire hydrant.,,,,,,,,,,,,,,,,,,,,,,,,,,,,,,,,,,,,,,,,,,,
44372,整体,A room with a mirror and a table with a monitor,,,,,,,,,,,,,,,,,,,,,,,,,,,,,,,,,,,,,,,,,,,
44372,非显著,There is a set of computers on the desk,,,,,,,,,,,,,,,,,,,,,,,,,,,,,,,,,,,,,,,,,,,
44372,显著,A room with a mirror,,,,,,,,,,,,,,,,,,,,,,,,,,,,,,,,,,,,,,,,,,,
44437,整体,Two baseball players were talking and another was running down the field,,,,,,,,,,,,,,,,,,,,,,,,,,,,,,,,,,,,,,,,,,,
44437,非显著,The athlete dressed in black bowed his head and stepped forward,,,,,,,,,,,,,,,,,,,,,,,,,,,,,,,,,,,,,,,,,,,
44437,显著,Two baseball players are talking,,,,,,,,,,,,,,,,,,,,,,,,,,,,,,,,,,,,,,,,,,,
44471,整体,A red light and some people are walking in the street,,,,,,,,,,,,,,,,,,,,,,,,,,,,,,,,,,,,,,,,,,,
44471,非显著,There were many pedestrians on the busy street,,,,,,,,,,,,,,,,,,,,,,,,,,,,,,,,,,,,,,,,,,,
44471,显著,"This sign has a hand on it, which means stop or don't go.",,,,,,,,,,,,,,,,,,,,,,,,,,,,,,,,,,,,,,,,,,,
44575,整体,Some people are playing tennis and others are playing baseball in the park,,,,,,,,,,,,,,,,,,,,,,,,,,,,,,,,,,,,,,,,,,,
44575,非显著,There are people playing in the tennis court,,,,,,,,,,,,,,,,,,,,,,,,,,,,,,,,,,,,,,,,,,,
44575,显著,The little boys are having baseball practice in the park,,,,,,,,,,,,,,,,,,,,,,,,,,,,,,,,,,,,,,,,,,,
44644,整体,"The little girl stood with her kite, and there was a bench behind her to rest on",,,,,,,,,,,,,,,,,,,,,,,,,,,,,,,,,,,,,,,,,,,
44644,非显著,There is a bench at the corner of the park,,,,,,,,,,,,,,,,,,,,,,,,,,,,,,,,,,,,,,,,,,,
44644,显著,There was a little girl standing alone with a kite,,,,,,,,,,,,,,,,,,,,,,,,,,,,,,,,,,,,,,,,,,,
44810,整体,The green pole beside the stone has a clock on top,,,,,,,,,,,,,,,,,,,,,,,,,,,,,,,,,,,,,,,,,,,
44810,非显著,There is a big stone on the ground,,,,,,,,,,,,,,,,,,,,,,,,,,,,,,,,,,,,,,,,,,,
44810,显著,A small green bell tower in the middle of the street.,,,,,,,,,,,,,,,,,,,,,,,,,,,,,,,,,,,,,,,,,,,
44839,整体,"Three children are eating cake at the table. Behind them, an adult is eating cake with a child in his arms",,,,,,,,,,,,,,,,,,,,,,,,,,,,,,,,,,,,,,,,,,,
44839,非显著,"The mother held the baby in her arms, cake in hand",,,,,,,,,,,,,,,,,,,,,,,,,,,,,,,,,,,,,,,,,,,
44839,显著,Three young girls are sitting at a table eating cake.,,,,,,,,,,,,,,,,,,,,,,,,,,,,,,,,,,,,,,,,,,,
44911,整体,The kitchen has a double-door refrigerator and an open oven,,,,,,,,,,,,,,,,,,,,,,,,,,,,,,,,,,,,,,,,,,,
44911,非显著,There is a double-door refrigerator in the kitchen,,,,,,,,,,,,,,,,,,,,,,,,,,,,,,,,,,,,,,,,,,,
44911,显著,There is a big dark blue oven in the kitchen,,,,,,,,,,,,,,,,,,,,,,,,,,,,,,,,,,,,,,,,,,,
44946,整体,A group of people around the table ready to eat pizza and drink,,,,,,,,,,,,,,,,,,,,,,,,,,,,,,,,,,,,,,,,,,,
44946,非显著,There's pizza and wine on the table,,,,,,,,,,,,,,,,,,,,,,,,,,,,,,,,,,,,,,,,,,,
44946,显著,A group of people were at the table ready to eat,,,,,,,,,,,,,,,,,,,,,,,,,,,,,,,,,,,,,,,,,,,
44950,整体,"There is a magazine and mirror on the dressing table, in which you can see the cat on the bed",,,,,,,,,,,,,,,,,,,,,,,,,,,,,,,,,,,,,,,,,,,
44950,非显著,There is a magazine on the desk,,,,,,,,,,,,,,,,,,,,,,,,,,,,,,,,,,,,,,,,,,,
44950,显著,The mirror reflected a cat on the bed.,,,,,,,,,,,,,,,,,,,,,,,,,,,,,,,,,,,,,,,,,,,
45026,整体,The bus was running on the road with many cars parked beside it,,,,,,,,,,,,,,,,,,,,,,,,,,,,,,,,,,,,,,,,,,,
45026,非显著,There are many cars parked on the roadside,,,,,,,,,,,,,,,,,,,,,,,,,,,,,,,,,,,,,,,,,,,
45026,显著,A city bus is running down the street.,,,,,,,,,,,,,,,,,,,,,,,,,,,,,,,,,,,,,,,,,,,
45084,整体,Adults carrying luggage walked past women and children sitting on the sidewalk.,,,,,,,,,,,,,,,,,,,,,,,,,,,,,,,,,,,,,,,,,,,
45084,非显著,A woman and a child were sitting outside,,,,,,,,,,,,,,,,,,,,,,,,,,,,,,,,,,,,,,,,,,,
45084,显著,Two men were walking with suitcases,,,,,,,,,,,,,,,,,,,,,,,,,,,,,,,,,,,,,,,,,,,
45165,整体,A moving silver bus is passing a Coca-Cola store,,,,,,,,,,,,,,,,,,,,,,,,,,,,,,,,,,,,,,,,,,,
45165,非显著,There is a Coca Cola shop on the street,,,,,,,,,,,,,,,,,,,,,,,,,,,,,,,,,,,,,,,,,,,
45165,显著,A silver bus was driving down the street,,,,,,,,,,,,,,,,,,,,,,,,,,,,,,,,,,,,,,,,,,,
45195,整体,A kitchen with a reservoir and a calendar on the wall,,,,,,,,,,,,,,,,,,,,,,,,,,,,,,,,,,,,,,,,,,,
45195,非显著,A calendar hangs on the wall of the room,,,,,,,,,,,,,,,,,,,,,,,,,,,,,,,,,,,,,,,,,,,
45195,显著,There is a sink in the kitchen,,,,,,,,,,,,,,,,,,,,,,,,,,,,,,,,,,,,,,,,,,,
45284,整体,The kids were playing baseball and the coach was watching from the sidelines,,,,,,,,,,,,,,,,,,,,,,,,,,,,,,,,,,,,,,,,,,,
45284,非显著,The coach sat on the railing outside the field,,,,,,,,,,,,,,,,,,,,,,,,,,,,,,,,,,,,,,,,,,,
45284,显著,A group of children are playing baseball on the playground.,,,,,,,,,,,,,,,,,,,,,,,,,,,,,,,,,,,,,,,,,,,
45446,整体,The car turned at the intersection and there was a billboard on the ground,,,,,,,,,,,,,,,,,,,,,,,,,,,,,,,,,,,,,,,,,,,
45446,非显著,Someone put up a billboard at the intersection advertising the removal of leaves.,,,,,,,,,,,,,,,,,,,,,,,,,,,,,,,,,,,,,,,,,,,
45446,显著,The car turned at the traffic light,,,,,,,,,,,,,,,,,,,,,,,,,,,,,,,,,,,,,,,,,,,
45785,整体,A man carrying an umbrella was walking by a dog on the sidewalk.,,,,,,,,,,,,,,,,,,,,,,,,,,,,,,,,,,,,,,,,,,,
45785,非显著,There is a dog walking on the grass,,,,,,,,,,,,,,,,,,,,,,,,,,,,,,,,,,,,,,,,,,,
45785,显著,People walking in the street with umbrellas,,,,,,,,,,,,,,,,,,,,,,,,,,,,,,,,,,,,,,,,,,,
46099,整体,"The man stands next to a car, closer to a stop sign with cracked paint",,,,,,,,,,,,,,,,,,,,,,,,,,,,,,,,,,,,,,,,,,,
46099,非显著,The man stood next to the car,,,,,,,,,,,,,,,,,,,,,,,,,,,,,,,,,,,,,,,,,,,
46099,显著,A stop sign that looks like it's made out of crumpled paper.,,,,,,,,,,,,,,,,,,,,,,,,,,,,,,,,,,,,,,,,,,,
46149,整体,A group of people ride a convoy of elephants under umbrellas as a man walks by.,,,,,,,,,,,,,,,,,,,,,,,,,,,,,,,,,,,,,,,,,,,
46149,非显著,A man was walking on the grass with his head down,,,,,,,,,,,,,,,,,,,,,,,,,,,,,,,,,,,,,,,,,,,
46149,显著,Some people were carried by beautifully decorated elephants.,,,,,,,,,,,,,,,,,,,,,,,,,,,,,,,,,,,,,,,,,,,
46526,整体,A group of people walk to an electric train.,,,,,,,,,,,,,,,,,,,,,,,,,,,,,,,,,,,,,,,,,,,
46526,非显著,Three tourists are walking on the road,,,,,,,,,,,,,,,,,,,,,,,,,,,,,,,,,,,,,,,,,,,
46526,显著,Two yellow trains are coming down the hill.,,,,,,,,,,,,,,,,,,,,,,,,,,,,,,,,,,,,,,,,,,,
46563,整体,"Streets with signs, people and cars.",,,,,,,,,,,,,,,,,,,,,,,,,,,,,,,,,,,,,,,,,,,
46563,非显著,A man was walking across the street toward a white SUV.,,,,,,,,,,,,,,,,,,,,,,,,,,,,,,,,,,,,,,,,,,,
46563,显著,There are four signs beside the street,,,,,,,,,,,,,,,,,,,,,,,,,,,,,,,,,,,,,,,,,,,
46634,整体,A giraffe gazes at a lying rhinoceros,,,,,,,,,,,,,,,,,,,,,,,,,,,,,,,,,,,,,,,,,,,
46634,非显著,There were two rhinos lying on the ground,,,,,,,,,,,,,,,,,,,,,,,,,,,,,,,,,,,,,,,,,,,
46634,显著,There is a giraffe on the grass,,,,,,,,,,,,,,,,,,,,,,,,,,,,,,,,,,,,,,,,,,,
47125,整体,"A little boy on a skateboard, with some birds beside him, seemed not afraid of people",,,,,,,,,,,,,,,,,,,,,,,,,,,,,,,,,,,,,,,,,,,
47125,非显著,There are some birds in the square,,,,,,,,,,,,,,,,,,,,,,,,,,,,,,,,,,,,,,,,,,,
47125,显著,A little boy is playing skateboard,,,,,,,,,,,,,,,,,,,,,,,,,,,,,,,,,,,,,,,,,,,
47164,整体,A man and a woman are shopping at a produce stand.,,,,,,,,,,,,,,,,,,,,,,,,,,,,,,,,,,,,,,,,,,,
47164,非显著,A woman shops at a produce stand.,,,,,,,,,,,,,,,,,,,,,,,,,,,,,,,,,,,,,,,,,,,
47164,显著,The man in the hat looked to his left. What was he looking for in his pocket,,,,,,,,,,,,,,,,,,,,,,,,,,,,,,,,,,,,,,,,,,,
47263,整体,There's a man on the side of the road with a truck and a dog.,,,,,,,,,,,,,,,,,,,,,,,,,,,,,,,,,,,,,,,,,,,
47263,非显著,A little dog is running on the grass,,,,,,,,,,,,,,,,,,,,,,,,,,,,,,,,,,,,,,,,,,,
47263,显著,A man was standing next to a truck.,,,,,,,,,,,,,,,,,,,,,,,,,,,,,,,,,,,,,,,,,,,
47563,整体,Two cats are outside and one is under the umbrella,,,,,,,,,,,,,,,,,,,,,,,,,,,,,,,,,,,,,,,,,,,
47563,非显著,A black cat sat under an umbrella in the driveway,,,,,,,,,,,,,,,,,,,,,,,,,,,,,,,,,,,,,,,,,,,
47563,显著,An orange cat looks into the camera,,,,,,,,,,,,,,,,,,,,,,,,,,,,,,,,,,,,,,,,,,,
47742,整体,The man in the white coat watches two men doing zombie moves,,,,,,,,,,,,,,,,,,,,,,,,,,,,,,,,,,,,,,,,,,,
47742,非显著,The men in white coats waited at the bus stop,,,,,,,,,,,,,,,,,,,,,,,,,,,,,,,,,,,,,,,,,,,
47742,显著,Two women dressed as zombies at a bus stop,,,,,,,,,,,,,,,,,,,,,,,,,,,,,,,,,,,,,,,,,,,
48066,整体,"In front of an outdoor stadium with a small soccer gate, there is food and drink waiting to be consumed.",,,,,,,,,,,,,,,,,,,,,,,,,,,,,,,,,,,,,,,,,,,
48066,非显著,There is a small football gate inside the stadium,,,,,,,,,,,,,,,,,,,,,,,,,,,,,,,,,,,,,,,,,,,
48066,显著,The food on the plate was on the windowsill.,,,,,,,,,,,,,,,,,,,,,,,,,,,,,,,,,,,,,,,,,,,
48150,整体,The old man sat in the chair and watched the other man playing with the child,,,,,,,,,,,,,,,,,,,,,,,,,,,,,,,,,,,,,,,,,,,
48150,非显著,The old man with white hair is sitting in a chair,,,,,,,,,,,,,,,,,,,,,,,,,,,,,,,,,,,,,,,,,,,
48150,显著,An older man shows a baby his piano key belt.,,,,,,,,,,,,,,,,,,,,,,,,,,,,,,,,,,,,,,,,,,,
48388,整体,There are two people and a kite on the beach,,,,,,,,,,,,,,,,,,,,,,,,,,,,,,,,,,,,,,,,,,,
48388,非显著,A man with a stick looked into the distance,,,,,,,,,,,,,,,,,,,,,,,,,,,,,,,,,,,,,,,,,,,
48388,显著,A man flies a kite on the beach,,,,,,,,,,,,,,,,,,,,,,,,,,,,,,,,,,,,,,,,,,,
48759,整体,"As two buses approached the intersection, a woman crossed the street.",,,,,,,,,,,,,,,,,,,,,,,,,,,,,,,,,,,,,,,,,,,
48759,非显著,A man in yellow is crossing the road,,,,,,,,,,,,,,,,,,,,,,,,,,,,,,,,,,,,,,,,,,,
48759,显著,Two buses approached a small intersection in the city.,,,,,,,,,,,,,,,,,,,,,,,,,,,,,,,,,,,,,,,,,,,
48794,整体,"A person walking on the beach, a person on the beach in the water.",,,,,,,,,,,,,,,,,,,,,,,,,,,,,,,,,,,,,,,,,,,
48794,非显著,People walking on the beach,,,,,,,,,,,,,,,,,,,,,,,,,,,,,,,,,,,,,,,,,,,
48794,显著,People who play water sports near the beach.,,,,,,,,,,,,,,,,,,,,,,,,,,,,,,,,,,,,,,,,,,,
48971,整体,Old people play video games in the lobby of the nursing home.,,,,,,,,,,,,,,,,,,,,,,,,,,,,,,,,,,,,,,,,,,,
48971,非显著,Several old people sat on chairs to rest,,,,,,,,,,,,,,,,,,,,,,,,,,,,,,,,,,,,,,,,,,,
48971,显著,An old gentleman is bowling.,,,,,,,,,,,,,,,,,,,,,,,,,,,,,,,,,,,,,,,,,,,
48972,整体,A group of motorbikes parked under a clock,,,,,,,,,,,,,,,,,,,,,,,,,,,,,,,,,,,,,,,,,,,
48972,非显著,A city sidewalk area with motorcycles and trucks parked nearby.,,,,,,,,,,,,,,,,,,,,,,,,,,,,,,,,,,,,,,,,,,,
48972,显著,The clock on the sign.,,,,,,,,,,,,,,,,,,,,,,,,,,,,,,,,,,,,,,,,,,,
49037,整体,"There are many colorful pillows on the sofa, and there is a vase with roses beside it",,,,,,,,,,,,,,,,,,,,,,,,,,,,,,,,,,,,,,,,,,,
49037,非显著,There are beautiful flowers in the brightly decorated living room,,,,,,,,,,,,,,,,,,,,,,,,,,,,,,,,,,,,,,,,,,,
49037,显著,The elegantly decorated living room has pillows on blue and white sofas and a small Ottoman in the foreground.,,,,,,,,,,,,,,,,,,,,,,,,,,,,,,,,,,,,,,,,,,,
49424,整体,A woman is in her office. There is a red plate in front of her,,,,,,,,,,,,,,,,,,,,,,,,,,,,,,,,,,,,,,,,,,,
49424,非显著,There is a red plate on the table,,,,,,,,,,,,,,,,,,,,,,,,,,,,,,,,,,,,,,,,,,,
49424,显著,The woman was typing on an open laptop,,,,,,,,,,,,,,,,,,,,,,,,,,,,,,,,,,,,,,,,,,,
49553,整体,The red car drove past the billboard,,,,,,,,,,,,,,,,,,,,,,,,,,,,,,,,,,,,,,,,,,,
49553,非显著,Cars lined up to approach the toll booth.,,,,,,,,,,,,,,,,,,,,,,,,,,,,,,,,,,,,,,,,,,,
49553,显著,A sign on the side of the road that says "We charge by license plate".,,,,,,,,,,,,,,,,,,,,,,,,,,,,,,,,,,,,,,,,,,,
50161,整体,A man with luggage was walking along. There were many cars behind him,,,,,,,,,,,,,,,,,,,,,,,,,,,,,,,,,,,,,,,,,,,
50161,非显著,There are many cars parked beside the street,,,,,,,,,,,,,,,,,,,,,,,,,,,,,,,,,,,,,,,,,,,
50161,显著,A man in a suit and a suitcase crossed the street.,,,,,,,,,,,,,,,,,,,,,,,,,,,,,,,,,,,,,,,,,,,
50434,整体,"A baseball game, two people on the field, two people off the field",,,,,,,,,,,,,,,,,,,,,,,,,,,,,,,,,,,,,,,,,,,
50434,非显著,"Two players stood below the field, leaning against the fence",,,,,,,,,,,,,,,,,,,,,,,,,,,,,,,,,,,,,,,,,,,
50434,显著,The pitcher stood on the mound and looked at the runner in the field,,,,,,,,,,,,,,,,,,,,,,,,,,,,,,,,,,,,,,,,,,,
50462,整体,The train passed the station full of boxes,,,,,,,,,,,,,,,,,,,,,,,,,,,,,,,,,,,,,,,,,,,
50462,非显著,The train passes to the left of the picture,,,,,,,,,,,,,,,,,,,,,,,,,,,,,,,,,,,,,,,,,,,
50462,显著,There are several piles of boxes in the train station.,,,,,,,,,,,,,,,,,,,,,,,,,,,,,,,,,,,,,,,,,,,
50481,整体,The cyclist rode past the Spinks statue,,,,,,,,,,,,,,,,,,,,,,,,,,,,,,,,,,,,,,,,,,,
50481,非显著,A cyclist drives on a motorway,,,,,,,,,,,,,,,,,,,,,,,,,,,,,,,,,,,,,,,,,,,
50481,显著,A creepy Spinks statue,,,,,,,,,,,,,,,,,,,,,,,,,,,,,,,,,,,,,,,,,,,
50956,整体,A beautiful house is in front of a reflecting pool. A man is standing on the edge of the pool.,,,,,,,,,,,,,,,,,,,,,,,,,,,,,,,,,,,,,,,,,,,
50956,非显著,Men with red and blue umbrellas stood on the lawn,,,,,,,,,,,,,,,,,,,,,,,,,,,,,,,,,,,,,,,,,,,
50956,显著,A luxurious house in front of the reflecting pool.,,,,,,,,,,,,,,,,,,,,,,,,,,,,,,,,,,,,,,,,,,,
51168,整体,The car had to stop for the red light because the train was going by,,,,,,,,,,,,,,,,,,,,,,,,,,,,,,,,,,,,,,,,,,,
51168,非显著,A car was waiting at a red light,,,,,,,,,,,,,,,,,,,,,,,,,,,,,,,,,,,,,,,,,,,
51168,显著,The train is running on the tracks,,,,,,,,,,,,,,,,,,,,,,,,,,,,,,,,,,,,,,,,,,,
51278,整体,"One street, a red four-door truck stopped at a sign on the side of the road, and other vehicles were parked across the street.",,,,,,,,,,,,,,,,,,,,,,,,,,,,,,,,,,,,,,,,,,,
51278,非显著,A red four-door truck pulled up to a sign on the side of the road,,,,,,,,,,,,,,,,,,,,,,,,,,,,,,,,,,,,,,,,,,,
51278,显著,Two white cars parked by the side of the road,,,,,,,,,,,,,,,,,,,,,,,,,,,,,,,,,,,,,,,,,,,
51342,整体,"On the street, a woman holds an umbrella next to a bicycle.",,,,,,,,,,,,,,,,,,,,,,,,,,,,,,,,,,,,,,,,,,,
51342,非显著,A bicycle was parked on the side of the road,,,,,,,,,,,,,,,,,,,,,,,,,,,,,,,,,,,,,,,,,,,
51342,显著,A woman was standing on the sidewalk with an umbrella.,,,,,,,,,,,,,,,,,,,,,,,,,,,,,,,,,,,,,,,,,,,
51504,整体,A man takes a picture at a zoo with an elephant behind him,,,,,,,,,,,,,,,,,,,,,,,,,,,,,,,,,,,,,,,,,,,
51504,非显著,The photographer holds his camera up to the left,,,,,,,,,,,,,,,,,,,,,,,,,,,,,,,,,,,,,,,,,,,
51504,显著,An elephant was standing in a log pen.,,,,,,,,,,,,,,,,,,,,,,,,,,,,,,,,,,,,,,,,,,,
52516,整体,The bride and groom pose for a photograph next to a horse-drawn carriage on a city street.,,,,,,,,,,,,,,,,,,,,,,,,,,,,,,,,,,,,,,,,,,,
52516,非显著,The groom stands on the far left holding white flowers,,,,,,,,,,,,,,,,,,,,,,,,,,,,,,,,,,,,,,,,,,,
52516,显著,A woman in a white dress was standing in the street,,,,,,,,,,,,,,,,,,,,,,,,,,,,,,,,,,,,,,,,,,,
55223,整体,"There was a man playing a game in the living room, and white clothes were laid out on the table",,,,,,,,,,,,,,,,,,,,,,,,,,,,,,,,,,,,,,,,,,,
55223,非显著,There are white clothes on the coffee table,,,,,,,,,,,,,,,,,,,,,,,,,,,,,,,,,,,,,,,,,,,
55223,显著,The man is playing a game with a controller,,,,,,,,,,,,,,,,,,,,,,,,,,,,,,,,,,,,,,,,,,,
56109,整体,The bike was parked on the side of the road near the bus.,,,,,,,,,,,,,,,,,,,,,,,,,,,,,,,,,,,,,,,,,,,
56109,非显著,The bike was parked on the side of the road,,,,,,,,,,,,,,,,,,,,,,,,,,,,,,,,,,,,,,,,,,,
56109,显著,A bus parked on the street,,,,,,,,,,,,,,,,,,,,,,,,,,,,,,,,,,,,,,,,,,,
56432,整体,Traffic police direct traffic at intersections to avoid car jams,,,,,,,,,,,,,,,,,,,,,,,,,,,,,,,,,,,,,,,,,,,
56432,非显著,A man is standing at the crossroads,,,,,,,,,,,,,,,,,,,,,,,,,,,,,,,,,,,,,,,,,,,
56432,显著,There are many cars at the busy intersection,,,,,,,,,,,,,,,,,,,,,,,,,,,,,,,,,,,,,,,,,,,
56641,整体,A no stop sign next to a car running on the street.,,,,,,,,,,,,,,,,,,,,,,,,,,,,,,,,,,,,,,,,,,,
56641,非显著,A car waiting to turn at the intersection,,,,,,,,,,,,,,,,,,,,,,,,,,,,,,,,,,,,,,,,,,,
56641,显著, A city street with no parking signs on posts,,,,,,,,,,,,,,,,,,,,,,,,,,,,,,,,,,,,,,,,,,,
56724,整体,The guy in the cowboy hat was riding past a burger joint,,,,,,,,,,,,,,,,,,,,,,,,,,,,,,,,,,,,,,,,,,,
56724,非显著,A hamburger joint has opened on the street,,,,,,,,,,,,,,,,,,,,,,,,,,,,,,,,,,,,,,,,,,,
56724,显著,A man in a cowboy hat was riding a horse in the street.,,,,,,,,,,,,,,,,,,,,,,,,,,,,,,,,,,,,,,,,,,,
57005,整体,Next to the red door is a motorcycle with pink flowers in front of it,,,,,,,,,,,,,,,,,,,,,,,,,,,,,,,,,,,,,,,,,,,
57005,非显著,There are pink flowers in the flower box below.,,,,,,,,,,,,,,,,,,,,,,,,,,,,,,,,,,,,,,,,,,,
57005,显著,The motorcycle was leaning against the building.,,,,,,,,,,,,,,,,,,,,,,,,,,,,,,,,,,,,,,,,,,,
58137,整体,A family walks to the train station. There is a train outside.,,,,,,,,,,,,,,,,,,,,,,,,,,,,,,,,,,,,,,,,,,,
58137,非显著,A group of people were walking on the wet sidewalk.,,,,,,,,,,,,,,,,,,,,,,,,,,,,,,,,,,,,,,,,,,,
58137,显著,A train stopped on the tracks,,,,,,,,,,,,,,,,,,,,,,,,,,,,,,,,,,,,,,,,,,,
59455,整体,The silver car was turning a corner. Beside it was a man sitting on the ground,,,,,,,,,,,,,,,,,,,,,,,,,,,,,,,,,,,,,,,,,,,
59455,非显著,The man in red is sitting on the ground,,,,,,,,,,,,,,,,,,,,,,,,,,,,,,,,,,,,,,,,,,,
59455,显著,The silver car is turning a corner,,,,,,,,,,,,,,,,,,,,,,,,,,,,,,,,,,,,,,,,,,,
59526,整体,A box of pizza was placed next to the person ordering.,,,,,,,,,,,,,,,,,,,,,,,,,,,,,,,,,,,,,,,,,,,
59526,非显著,Two people are ready to order,,,,,,,,,,,,,,,,,,,,,,,,,,,,,,,,,,,,,,,,,,,
59526,显著,A close-up of a slice of pizza in a box,,,,,,,,,,,,,,,,,,,,,,,,,,,,,,,,,,,,,,,,,,,
60034,整体,Pigeons were bathing in a puddle near a fire hydrant.,,,,,,,,,,,,,,,,,,,,,,,,,,,,,,,,,,,,,,,,,,,
60034,非显著,Pigeons bathe in puddles in city streets.,,,,,,,,,,,,,,,,,,,,,,,,,,,,,,,,,,,,,,,,,,,
60034,显著,There is a white fire hydrant on the street,,,,,,,,,,,,,,,,,,,,,,,,,,,,,,,,,,,,,,,,,,,
60093,整体,Traffic lights and cars under dark clouds,,,,,,,,,,,,,,,,,,,,,,,,,,,,,,,,,,,,,,,,,,,
60093,非显著,A car on a road near a traffic light.,,,,,,,,,,,,,,,,,,,,,,,,,,,,,,,,,,,,,,,,,,,
60093,显著,The sky looks like a storm is coming.,,,,,,,,,,,,,,,,,,,,,,,,,,,,,,,,,,,,,,,,,,,
60622,整体,A boy pushes a baby in a box onto a cart while a dog looks on.,,,,,,,,,,,,,,,,,,,,,,,,,,,,,,,,,,,,,,,,,,,
60622,非显著,A yellow dog wags its tail,,,,,,,,,,,,,,,,,,,,,,,,,,,,,,,,,,,,,,,,,,,
60622,显著,A boy was pushing a car with a baby inside.,,,,,,,,,,,,,,,,,,,,,,,,,,,,,,,,,,,,,,,,,,,
61159,整体,A few people with umbrellas and a few cars.,,,,,,,,,,,,,,,,,,,,,,,,,,,,,,,,,,,,,,,,,,,
61159,非显著,The red car is going this way,,,,,,,,,,,,,,,,,,,,,,,,,,,,,,,,,,,,,,,,,,,
61159,显著,A man was changing a tire on his car in the rain.,,,,,,,,,,,,,,,,,,,,,,,,,,,,,,,,,,,,,,,,,,,
61897,整体,A man rides a bicycle past construction workers on a busy street.,,,,,,,,,,,,,,,,,,,,,,,,,,,,,,,,,,,,,,,,,,,
61897,非显著,The builders are working on the road project,,,,,,,,,,,,,,,,,,,,,,,,,,,,,,,,,,,,,,,,,,,
61897,显著,A man is riding his bicycle in the city center.,,,,,,,,,,,,,,,,,,,,,,,,,,,,,,,,,,,,,,,,,,,
61951,整体,A man is shopping with a speeding motorcycle behind him,,,,,,,,,,,,,,,,,,,,,,,,,,,,,,,,,,,,,,,,,,,
61951,非显著,The man in the black hat is shopping at the window,,,,,,,,,,,,,,,,,,,,,,,,,,,,,,,,,,,,,,,,,,,
61951,显著,People were standing or riding mopeds in the alleys.,,,,,,,,,,,,,,,,,,,,,,,,,,,,,,,,,,,,,,,,,,,
62173,整体,"A man in a hat smokes, with a no smoking sign on the right and a vending machine on the left",,,,,,,,,,,,,,,,,,,,,,,,,,,,,,,,,,,,,,,,,,,
62173,非显著,There are three vending machines on the left,,,,,,,,,,,,,,,,,,,,,,,,,,,,,,,,,,,,,,,,,,,
62173,显著,A man in a hat stands next to a no smoking sign,,,,,,,,,,,,,,,,,,,,,,,,,,,,,,,,,,,,,,,,,,,
62740,整体,The yellow car is ready to turn around the clock in the square,,,,,,,,,,,,,,,,,,,,,,,,,,,,,,,,,,,,,,,,,,,
62740,非显著,The yellow car is ready to turn,,,,,,,,,,,,,,,,,,,,,,,,,,,,,,,,,,,,,,,,,,,
62740,显著,The clock in the middle of the town square.,,,,,,,,,,,,,,,,,,,,,,,,,,,,,,,,,,,,,,,,,,,
62995,整体,News crews arrived at the scene with fire engines behind them,,,,,,,,,,,,,,,,,,,,,,,,,,,,,,,,,,,,,,,,,,,
62995,非显著,Fire engines rolled down the street,,,,,,,,,,,,,,,,,,,,,,,,,,,,,,,,,,,,,,,,,,,
62995,显著,A news team covering a major event.,,,,,,,,,,,,,,,,,,,,,,,,,,,,,,,,,,,,,,,,,,,
63347,整体,A man and a child were playing a game. There were some magazines on the sofa behind them,,,,,,,,,,,,,,,,,,,,,,,,,,,,,,,,,,,,,,,,,,,
63347,非显著,There are some magazines on the sofa,,,,,,,,,,,,,,,,,,,,,,,,,,,,,,,,,,,,,,,,,,,
63347,显著,A man was kneeling on the floor next to a young boy.,,,,,,,,,,,,,,,,,,,,,,,,,,,,,,,,,,,,,,,,,,,
63587,整体,A zebra is standing far away from the giraffe.,,,,,,,,,,,,,,,,,,,,,,,,,,,,,,,,,,,,,,,,,,,
63587,非显著,The zebra is grazing with its head down,,,,,,,,,,,,,,,,,,,,,,,,,,,,,,,,,,,,,,,,,,,
63587,显著,There are three giraffes standing on the grass,,,,,,,,,,,,,,,,,,,,,,,,,,,,,,,,,,,,,,,,,,,
63974,整体,A store with freezers and newspapers,,,,,,,,,,,,,,,,,,,,,,,,,,,,,,,,,,,,,,,,,,,
63974,非显著,The newspaper hung beside the counter,,,,,,,,,,,,,,,,,,,,,,,,,,,,,,,,,,,,,,,,,,,
63974,显著,There are many drinks in the freezer,,,,,,,,,,,,,,,,,,,,,,,,,,,,,,,,,,,,,,,,,,,
64048,整体,People ride elephants through crops on the side of a grotesque mountain.,,,,,,,,,,,,,,,,,,,,,,,,,,,,,,,,,,,,,,,,,,,
64048,非显著,People ride elephants among the crops.,,,,,,,,,,,,,,,,,,,,,,,,,,,,,,,,,,,,,,,,,,,
64048,显著,A huge rock formation on top of a mountain.,,,,,,,,,,,,,,,,,,,,,,,,,,,,,,,,,,,,,,,,,,,
64800,整体,There were many cars parked next to a dining car,,,,,,,,,,,,,,,,,,,,,,,,,,,,,,,,,,,,,,,,,,,
64800,非显著,Many cars are parked along the road,,,,,,,,,,,,,,,,,,,,,,,,,,,,,,,,,,,,,,,,,,,
64800,显著,A food truck with a large decorative cupcake on top.,,,,,,,,,,,,,,,,,,,,,,,,,,,,,,,,,,,,,,,,,,,
64870,整体,A man sits next to a red sign on the side of the road.,,,,,,,,,,,,,,,,,,,,,,,,,,,,,,,,,,,,,,,,,,,
64870,非显著,A man in a McDonald's logo sat on the curb,,,,,,,,,,,,,,,,,,,,,,,,,,,,,,,,,,,,,,,,,,,
64870,显著,"At the corner, the sign says ""Look right""",,,,,,,,,,,,,,,,,,,,,,,,,,,,,,,,,,,,,,,,,,,
65400,整体,A fruit shop selling bananas and oranges,,,,,,,,,,,,,,,,,,,,,,,,,,,,,,,,,,,,,,,,,,,
65400,非显著,There are many oranges in the box,,,,,,,,,,,,,,,,,,,,,,,,,,,,,,,,,,,,,,,,,,,
65400,显著,Many bananas are hanging in the air,,,,,,,,,,,,,,,,,,,,,,,,,,,,,,,,,,,,,,,,,,,
65601,整体,There were four lighters on the right side of the wallet with the cash,,,,,,,,,,,,,,,,,,,,,,,,,,,,,,,,,,,,,,,,,,,
65601,非显著,There are four lighters on the desk,,,,,,,,,,,,,,,,,,,,,,,,,,,,,,,,,,,,,,,,,,,
65601,显著,A wallet with cash in it.,,,,,,,,,,,,,,,,,,,,,,,,,,,,,,,,,,,,,,,,,,,
66056,整体,A table with a white jar and an open umbrella.,,,,,,,,,,,,,,,,,,,,,,,,,,,,,,,,,,,,,,,,,,,
66056,非显著,There is a white pot on the table,,,,,,,,,,,,,,,,,,,,,,,,,,,,,,,,,,,,,,,,,,,
66056,显著,A table with an umbrella,,,,,,,,,,,,,,,,,,,,,,,,,,,,,,,,,,,,,,,,,,,
66373,整体,There was a laptop on the desk and a tangle of wires on the floor,,,,,,,,,,,,,,,,,,,,,,,,,,,,,,,,,,,,,,,,,,,
66373,非显著,There was a pile of wires on the floor between the table and the table.,,,,,,,,,,,,,,,,,,,,,,,,,,,,,,,,,,,,,,,,,,,
66373,显著,A laptop is open on the desk.,,,,,,,,,,,,,,,,,,,,,,,,,,,,,,,,,,,,,,,,,,,
66460,整体,There are white buses and some pictures on the street,,,,,,,,,,,,,,,,,,,,,,,,,,,,,,,,,,,,,,,,,,,
66460,非显著,A city street with picture frames displayed on the sidewalk,,,,,,,,,,,,,,,,,,,,,,,,,,,,,,,,,,,,,,,,,,,
66460,显著,A white bus is turning the corner,,,,,,,,,,,,,,,,,,,,,,,,,,,,,,,,,,,,,,,,,,,
66789,整体,The cyclist passed a line of bikes parked on the side of the road,,,,,,,,,,,,,,,,,,,,,,,,,,,,,,,,,,,,,,,,,,,
66789,非显著,There is a man riding a bicycle on the road,,,,,,,,,,,,,,,,,,,,,,,,,,,,,,,,,,,,,,,,,,,
66789,显著,A row of double-parked bicycles.,,,,,,,,,,,,,,,,,,,,,,,,,,,,,,,,,,,,,,,,,,,
67259,整体,"Surfboards line the beach, and people nearby look at tourist maps.",,,,,,,,,,,,,,,,,,,,,,,,,,,,,,,,,,,,,,,,,,,
67259,非显著,People are looking at the travel map.,,,,,,,,,,,,,,,,,,,,,,,,,,,,,,,,,,,,,,,,,,,
67259,显著,There are many surfboards on the beach,,,,,,,,,,,,,,,,,,,,,,,,,,,,,,,,,,,,,,,,,,,
67407,整体,There is a pedestrian in front of the clock tower,,,,,,,,,,,,,,,,,,,,,,,,,,,,,,,,,,,,,,,,,,,
67407,非显著,A man strolls down the street,,,,,,,,,,,,,,,,,,,,,,,,,,,,,,,,,,,,,,,,,,,
67407,显著,There is a bell tower at the top of a large building.,,,,,,,,,,,,,,,,,,,,,,,,,,,,,,,,,,,,,,,,,,,
67445,整体,"A dog looked out the window, and there was a plant on the porch.",,,,,,,,,,,,,,,,,,,,,,,,,,,,,,,,,,,,,,,,,,,
67445,非显著,A potted plant on the porch.,,,,,,,,,,,,,,,,,,,,,,,,,,,,,,,,,,,,,,,,,,,
67445,显著,A dog looks out the window of the house.,,,,,,,,,,,,,,,,,,,,,,,,,,,,,,,,,,,,,,,,,,,
67956,整体,A blue car turned right at the stop sign.,,,,,,,,,,,,,,,,,,,,,,,,,,,,,,,,,,,,,,,,,,,
67956,非显著,A stop sign by two trash cans,,,,,,,,,,,,,,,,,,,,,,,,,,,,,,,,,,,,,,,,,,,
67956,显著,A blue car turned right at the crossing.,,,,,,,,,,,,,,,,,,,,,,,,,,,,,,,,,,,,,,,,,,,
69266,整体,There's a laptop on the desk and a brand new ubuntu sticker on the right,,,,,,,,,,,,,,,,,,,,,,,,,,,,,,,,,,,,,,,,,,,
69266,非显著,There are brand new ubuntu stickers on the desk,,,,,,,,,,,,,,,,,,,,,,,,,,,,,,,,,,,,,,,,,,,
69266,显著,A laptop is on the desk.,,,,,,,,,,,,,,,,,,,,,,,,,,,,,,,,,,,,,,,,,,,
69286,整体,A cyclist passes a cart pulled by an ox in the market.,,,,,,,,,,,,,,,,,,,,,,,,,,,,,,,,,,,,,,,,,,,
69286,非显著,The cyclist was carrying a red crate,,,,,,,,,,,,,,,,,,,,,,,,,,,,,,,,,,,,,,,,,,,
69286,显著,A white cow was dragging a pail of goods to the store.,,,,,,,,,,,,,,,,,,,,,,,,,,,,,,,,,,,,,,,,,,,
69978,整体,A bus goes down the street and there is a fire hydrant nearby.,,,,,,,,,,,,,,,,,,,,,,,,,,,,,,,,,,,,,,,,,,,
69978,非显著,There is a red fire hydrant by the side of the road,,,,,,,,,,,,,,,,,,,,,,,,,,,,,,,,,,,,,,,,,,,
69978,显著,The bus stopped at the side of the road.,,,,,,,,,,,,,,,,,,,,,,,,,,,,,,,,,,,,,,,,,,,
70321,整体,The man in the red dress was in the middle of a city street opposite a car,,,,,,,,,,,,,,,,,,,,,,,,,,,,,,,,,,,,,,,,,,,
70321,非显著,Cars are driving down the street,,,,,,,,,,,,,,,,,,,,,,,,,,,,,,,,,,,,,,,,,,,
70321,显著,A woman in a red tutu stands in the middle of a city street.,,,,,,,,,,,,,,,,,,,,,,,,,,,,,,,,,,,,,,,,,,,
72519,整体,"Some of the people on the boat were moving chairs, others were enjoying the scenery",,,,,,,,,,,,,,,,,,,,,,,,,,,,,,,,,,,,,,,,,,,
72519,非显著,On the top of the boat was a man looking into the distance,,,,,,,,,,,,,,,,,,,,,,,,,,,,,,,,,,,,,,,,,,,
72519,显著,"On the ferry, a man was reaching for a chair.",,,,,,,,,,,,,,,,,,,,,,,,,,,,,,,,,,,,,,,,,,,
74099,整体,A man rides a bicycle in front of a small blue house.,,,,,,,,,,,,,,,,,,,,,,,,,,,,,,,,,,,,,,,,,,,
74099,非显著,A man with a car and a bike,,,,,,,,,,,,,,,,,,,,,,,,,,,,,,,,,,,,,,,,,,,
74099,显著,There is a small blue house by the side of the road,,,,,,,,,,,,,,,,,,,,,,,,,,,,,,,,,,,,,,,,,,,
75775,整体,Two women and two children were playing on the tennis court,,,,,,,,,,,,,,,,,,,,,,,,,,,,,,,,,,,,,,,,,,,
75775,非显著,The child in blue was swinging a racket,,,,,,,,,,,,,,,,,,,,,,,,,,,,,,,,,,,,,,,,,,,
75775,显著,The little girl was holding the ball in her hands. Two adults were watching her,,,,,,,,,,,,,,,,,,,,,,,,,,,,,,,,,,,,,,,,,,,
132717787,整体,Two cooks work behind a black counter,,,,,,,,,,,,,,,,,,,,,,,,,,,,,,,,,,,,,,,,,,,
132717787,非显著,Two cooks in black hats are working,,,,,,,,,,,,,,,,,,,,,,,,,,,,,,,,,,,,,,,,,,,
132717787,显著,The dining room has a beautiful counter with black tiles,,,,,,,,,,,,,,,,,,,,,,,,,,,,,,,,,,,,,,,,,,,
133087820,整体,A man reading on a bench has a statue in front of him,,,,,,,,,,,,,,,,,,,,,,,,,,,,,,,,,,,,,,,,,,,
133087820,非显著,There is a dark green statue in the street,,,,,,,,,,,,,,,,,,,,,,,,,,,,,,,,,,,,,,,,,,,
133087820,显著,A man was sitting outside a bookstore reading a book.,,,,,,,,,,,,,,,,,,,,,,,,,,,,,,,,,,,,,,,,,,,
133684581,整体,"A marathon runner ran past three bagpipers and a drummer, all in uniform",,,,,,,,,,,,,,,,,,,,,,,,,,,,,,,,,,,,,,,,,,,
133684581,非显著,A man was jogging in all black,,,,,,,,,,,,,,,,,,,,,,,,,,,,,,,,,,,,,,,,,,,
133684581,显著,A Scottish band was rehearsing,,,,,,,,,,,,,,,,,,,,,,,,,,,,,,,,,,,,,,,,,,,
134857559,整体,A man was singing in front of a chandelier,,,,,,,,,,,,,,,,,,,,,,,,,,,,,,,,,,,,,,,,,,,
134857559,非显著,The bar chandelier was dull,,,,,,,,,,,,,,,,,,,,,,,,,,,,,,,,,,,,,,,,,,,
134857559,显著,A man was singing on the stage,,,,,,,,,,,,,,,,,,,,,,,,,,,,,,,,,,,,,,,,,,,
134867998,整体,A man in a leather jacket stood reading a newspaper in front of a drink shop.,,,,,,,,,,,,,,,,,,,,,,,,,,,,,,,,,,,,,,,,,,,
134867998,非显著,The supermarket's shelves are almost entirely filled with drinks,,,,,,,,,,,,,,,,,,,,,,,,,,,,,,,,,,,,,,,,,,,
134867998,显著,An Asian man in a black jacket is reading a newspaper,,,,,,,,,,,,,,,,,,,,,,,,,,,,,,,,,,,,,,,,,,,
135436842,整体,"The man in the wheelchair is helped on to the subway by the staff, and behind him is a woman with a black bag",,,,,,,,,,,,,,,,,,,,,,,,,,,,,,,,,,,,,,,,,,,
135436842,非显著,A lady with a black bag was walking along,,,,,,,,,,,,,,,,,,,,,,,,,,,,,,,,,,,,,,,,,,,
135436842,显著,A man in a wheelchair gets on the subway with the help of a service worker.,,,,,,,,,,,,,,,,,,,,,,,,,,,,,,,,,,,,,,,,,,,
135515207,整体,Three men were working in the yard. Behind them was a silver car,,,,,,,,,,,,,,,,,,,,,,,,,,,,,,,,,,,,,,,,,,,
135515207,非显著,There was a silver car parked in the courtyard,,,,,,,,,,,,,,,,,,,,,,,,,,,,,,,,,,,,,,,,,,,
135515207,显著,A man in a camouflage shirt was mowing grass in a small yard. Another man and a woman were also working in the yard.,,,,,,,,,,,,,,,,,,,,,,,,,,,,,,,,,,,,,,,,,,,
1000268201,整体,The little girl in the pink dress walked into a flowering log cabin,,,,,,,,,,,,,,,,,,,,,,,,,,,,,,,,,,,,,,,,,,,
1000268201,非显著,Pink flowers covered the side of the house,,,,,,,,,,,,,,,,,,,,,,,,,,,,,,,,,,,,,,,,,,,
1000268201,显著,A little girl in a pink dress walked into a cabin.,,,,,,,,,,,,,,,,,,,,,,,,,,,,,,,,,,,,,,,,,,,
1010470346,整体,A man on a bicycle looks at a line of cars waiting to pass through a checkpoint.,,,,,,,,,,,,,,,,,,,,,,,,,,,,,,,,,,,,,,,,,,,
1010470346,非显著,There was a man riding a bicycle by the side of the road,,,,,,,,,,,,,,,,,,,,,,,,,,,,,,,,,,,,,,,,,,,
1010470346,显著,A park ranger is talking to a visitor.,,,,,,,,,,,,,,,,,,,,,,,,,,,,,,,,,,,,,,,,,,,
1018057225,整体,A young boy pushes a toy ATV around a rubber pool,,,,,,,,,,,,,,,,,,,,,,,,,,,,,,,,,,,,,,,,,,,
1018057225,非显著,A boy was pushing a miniature car on the lawn.,,,,,,,,,,,,,,,,,,,,,,,,,,,,,,,,,,,,,,,,,,,
1018057225,显著,There is a colorful rubber pool on the lawn,,,,,,,,,,,,,,,,,,,,,,,,,,,,,,,,,,,,,,,,,,,
1018148011,整体,People stand on and around a truck carrying a white substance.,,,,,,,,,,,,,,,,,,,,,,,,,,,,,,,,,,,,,,,,,,,
1018148011,非显著,"Most of the workers were on the bus, but one man was standing on the ground",,,,,,,,,,,,,,,,,,,,,,,,,,,,,,,,,,,,,,,,,,,
1018148011,显著,There was a lot of wool piled on the ground,,,,,,,,,,,,,,,,,,,,,,,,,,,,,,,,,,,,,,,,,,,
1029450589,整体,The woman sleeps in the room with the photo,,,,,,,,,,,,,,,,,,,,,,,,,,,,,,,,,,,,,,,,,,,
1029450589,非显著,There are many pictures on the walls of the room,,,,,,,,,,,,,,,,,,,,,,,,,,,,,,,,,,,,,,,,,,,
1029450589,显著,A woman in black pants napped on the couch.,,,,,,,,,,,,,,,,,,,,,,,,,,,,,,,,,,,,,,,,,,,
1032122270,整体,A woman crouched next to three dogs in a field.,,,,,,,,,,,,,,,,,,,,,,,,,,,,,,,,,,,,,,,,,,,
1032122270,非显著,A man in black was squatting on the grass,,,,,,,,,,,,,,,,,,,,,,,,,,,,,,,,,,,,,,,,,,,
1032122270,显著,Three dogs were playing on a grassy hill under a blue sky.,,,,,,,,,,,,,,,,,,,,,,,,,,,,,,,,,,,,,,,,,,,
1053243591,整体,"Inside the car sat a man in a white shirt, and outside the car a girl was shaking hands",,,,,,,,,,,,,,,,,,,,,,,,,,,,,,,,,,,,,,,,,,,
1053243591,非显著,A man in a white shirt was sitting in the car,,,,,,,,,,,,,,,,,,,,,,,,,,,,,,,,,,,,,,,,,,,
1053243591,显著,A young girl in an orange shirt was shaking hands.,,,,,,,,,,,,,,,,,,,,,,,,,,,,,,,,,,,,,,,,,,,
1057089366,整体,People at the edge of the pool watched the child jump from the height,,,,,,,,,,,,,,,,,,,,,,,,,,,,,,,,,,,,,,,,,,,
1057089366,非显著,Four people were resting on the edge of the pool,,,,,,,,,,,,,,,,,,,,,,,,,,,,,,,,,,,,,,,,,,,
1057089366,显著,A child jumped from a height in a swimming pool.,,,,,,,,,,,,,,,,,,,,,,,,,,,,,,,,,,,,,,,,,,,
1059514525,整体,A man was sleeping on a bench on the sidewalk opposite the bus.,,,,,,,,,,,,,,,,,,,,,,,,,,,,,,,,,,,,,,,,,,,
1059514525,非显著,There are people sleeping on benches in city streets.,,,,,,,,,,,,,,,,,,,,,,,,,,,,,,,,,,,,,,,,,,,
1059514525,显著,The bus stops at the bus station,,,,,,,,,,,,,,,,,,,,,,,,,,,,,,,,,,,,,,,,,,,
1071201387,整体,A construction worker holds a sign about biking and behind him two men sit on the ground,,,,,,,,,,,,,,,,,,,,,,,,,,,,,,,,,,,,,,,,,,,
1071201387,非显著,A man and a woman were sitting on the ground,,,,,,,,,,,,,,,,,,,,,,,,,,,,,,,,,,,,,,,,,,,
1071201387,显著,A construction worker holds a sign about biking.,,,,,,,,,,,,,,,,,,,,,,,,,,,,,,,,,,,,,,,,,,,
1088767354,整体,"The man in pink trousers was looking at his watch, and in front of him stood a man with a feather on his head",,,,,,,,,,,,,,,,,,,,,,,,,,,,,,,,,,,,,,,,,,,
1088767354,非显著,The man in pink pants is looking at his watch,,,,,,,,,,,,,,,,,,,,,,,,,,,,,,,,,,,,,,,,,,,
1088767354,显著,A young woman in red sequins and feathers stood on the sidewalk.,,,,,,,,,,,,,,,,,,,,,,,,,,,,,,,,,,,,,,,,,,,
1094283901,整体,A shirtless man jumps into the water as others look on.,,,,,,,,,,,,,,,,,,,,,,,,,,,,,,,,,,,,,,,,,,,
1094283901,非显著,On the platform stood a man in swimming trunks,,,,,,,,,,,,,,,,,,,,,,,,,,,,,,,,,,,,,,,,,,,
1094283901,显著,A man is jumping into the water.,,,,,,,,,,,,,,,,,,,,,,,,,,,,,,,,,,,,,,,,,,,
1130295306,整体,The boy in the striped shirt looked at the lush trees,,,,,,,,,,,,,,,,,,,,,,,,,,,,,,,,,,,,,,,,,,,
1130295306,非显著,A boy is walking in the park,,,,,,,,,,,,,,,,,,,,,,,,,,,,,,,,,,,,,,,,,,,
1130295306,显著,The trees near the pond in the park are flourishing,,,,,,,,,,,,,,,,,,,,,,,,,,,,,,,,,,,,,,,,,,,
1193746118,整体,A man jumped off a small stone bridge. Three children and a woman watched him.,,,,,,,,,,,,,,,,,,,,,,,,,,,,,,,,,,,,,,,,,,,
1193746118,非显著,There were three children and a woman on the bridge,,,,,,,,,,,,,,,,,,,,,,,,,,,,,,,,,,,,,,,,,,,
1193746118,显著,A bare-chested man jumped from an old stone bridge.,,,,,,,,,,,,,,,,,,,,,,,,,,,,,,,,,,,,,,,,,,,
1222063706,整体,An Asian woman sits in front of a nude painting.,,,,,,,,,,,,,,,,,,,,,,,,,,,,,,,,,,,,,,,,,,,
1222063706,非显著,A woman on a bench was adjusting her skirt.,,,,,,,,,,,,,,,,,,,,,,,,,,,,,,,,,,,,,,,,,,,
1222063706,显著,There is a nude mural in the exhibition hall,,,,,,,,,,,,,,,,,,,,,,,,,,,,,,,,,,,,,,,,,,,
1242394484,整体,A shop with tiger dolls and panda dolls,,,,,,,,,,,,,,,,,,,,,,,,,,,,,,,,,,,,,,,,,,,
1242394484,非显著,There is a tiger doll at the end of the counter,,,,,,,,,,,,,,,,,,,,,,,,,,,,,,,,,,,,,,,,,,,
1242394484,显著,There are many panda dolls on the cupboard,,,,,,,,,,,,,,,,,,,,,,,,,,,,,,,,,,,,,,,,,,,
1269844288,整体,A woman straightens her boots in a dirty park,,,,,,,,,,,,,,,,,,,,,,,,,,,,,,,,,,,,,,,,,,,
1269844288,非显著,There is a lot of rubbish on the lawn,,,,,,,,,,,,,,,,,,,,,,,,,,,,,,,,,,,,,,,,,,,
1269844288,显著,A woman was fixing his boots,,,,,,,,,,,,,,,,,,,,,,,,,,,,,,,,,,,,,,,,,,,
1281282435,整体,The man on the dock in his bathing suit looked at the man in the water,,,,,,,,,,,,,,,,,,,,,,,,,,,,,,,,,,,,,,,,,,,
1281282435,非显著,There are several people swimming in the water,,,,,,,,,,,,,,,,,,,,,,,,,,,,,,,,,,,,,,,,,,,
1281282435,显著,Three boys in bathing suits stood on the dock,,,,,,,,,,,,,,,,,,,,,,,,,,,,,,,,,,,,,,,,,,,
1287704027,整体,A woman buys fish next to a shop selling cucumbers,,,,,,,,,,,,,,,,,,,,,,,,,,,,,,,,,,,,,,,,,,,
1287704027,非显著,There are shops selling cucumbers in the wet market,,,,,,,,,,,,,,,,,,,,,,,,,,,,,,,,,,,,,,,,,,,
1287704027,显著,A woman looks at frozen fish at a fish market.,,,,,,,,,,,,,,,,,,,,,,,,,,,,,,,,,,,,,,,,,,,
1303157527,整体,A vendor stood on the sidewalk next to his food truck and watched a black woman walk by.,,,,,,,,,,,,,,,,,,,,,,,,,,,,,,,,,,,,,,,,,,,
1303157527,非显著,A black woman was walking down the street,,,,,,,,,,,,,,,,,,,,,,,,,,,,,,,,,,,,,,,,,,,
1303157527,显著,A man in a red apron and a white chef's hat stood in front of his food truck.,,,,,,,,,,,,,,,,,,,,,,,,,,,,,,,,,,,,,,,,,,,
